Timestamp,Load_Weight (kg),Motor_Temperature (Â°C),Vibration_Level (mm/s),Operating_Hours,Error_Code
2024-02-01 00:00:00,1523.52,87.31,3.64,4695.5,0
2024-02-01 00:05:00,4183.36,60.6,1.85,3855.5,0
2024-02-01 00:10:00,1563.33,51.77,2.84,3247.4,0
2024-02-01 00:15:00,4392.6,40.21,3.54,4506.4,0
2024-02-01 00:20:00,4427.35,30.27,3.38,4085.4,0
2024-02-01 00:25:00,4115.34,59.18,2.6,3484.4,0
2024-02-01 00:30:00,2118.05,54.32,3.12,3316.0,0
2024-02-01 00:35:00,2261.44,57.81,2.61,2930.5,0
2024-02-01 00:40:00,4240.84,82.38,0.4,2923.1,0
2024-02-01 00:45:00,2390.61,73.76,0.23,706.0,0
2024-02-01 00:50:00,3599.5,37.59,3.53,1353.2,0
2024-02-01 00:55:00,4376.96,40.5,2.54,4384.3,0
2024-02-01 01:00:00,4882.49,60.46,4.6,3935.7,1
2024-02-01 01:05:00,3371.89,30.39,3.76,3304.2,0
2024-02-01 01:10:00,971.95,34.84,0.9,525.9,0
2024-02-01 01:15:00,869.09,37.23,0.66,4734.2,0
2024-02-01 01:20:00,4347.61,67.95,2.61,784.7,0
2024-02-01 01:25:00,4649.24,30.24,3.98,4461.5,0
2024-02-01 01:30:00,3070.07,36.41,4.9,2643.8,0
2024-02-01 01:35:00,4034.81,67.12,0.21,1856.5,0
2024-02-01 01:40:00,4404.93,32.91,1.66,2889.2,0
2024-02-01 01:45:00,806.02,78.28,0.84,968.6,0
2024-02-01 01:50:00,2492.19,69.2,0.29,4993.0,0
2024-02-01 01:55:00,3576.88,69.48,2.77,3132.8,0
2024-02-01 02:00:00,3785.11,73.28,4.28,281.5,0
2024-02-01 02:05:00,1577.69,66.19,4.58,2398.2,1
2024-02-01 02:10:00,4494.49,44.63,0.72,2098.3,0
2024-02-01 02:15:00,4545.28,68.95,3.9,469.4,0
2024-02-01 02:20:00,1563.3,51.16,2.01,3795.7,0
2024-02-01 02:25:00,4336.24,50.94,0.46,3200.7,0
2024-02-01 02:30:00,2966.53,50.36,2.76,1621.3,0
2024-02-01 02:35:00,4452.32,80.58,3.66,2912.6,0
2024-02-01 02:40:00,4706.5,78.98,3.37,4277.1,0
2024-02-01 02:45:00,2465.77,74.37,4.03,1533.3,0
2024-02-01 02:50:00,4631.74,48.56,0.76,1492.0,0
2024-02-01 02:55:00,1874.59,64.29,2.13,2273.5,0
2024-02-01 03:00:00,3098.63,80.38,4.44,2134.3,0
2024-02-01 03:05:00,2266.05,53.86,2.02,4611.6,0
2024-02-01 03:10:00,660.19,76.1,0.39,2478.6,0
2024-02-01 03:15:00,1999.93,54.88,0.32,1310.2,0
2024-02-01 03:20:00,4734.68,33.51,4.09,3646.6,0
2024-02-01 03:25:00,1444.21,56.89,2.64,1809.6,0
2024-02-01 03:30:00,745.25,49.8,4.15,3651.6,0
2024-02-01 03:35:00,4722.97,53.9,3.31,276.8,0
2024-02-01 03:40:00,2851.91,33.91,3.28,2875.2,0
2024-02-01 03:45:00,2928.99,83.41,2.59,1803.1,0
2024-02-01 03:50:00,1886.31,58.56,4.58,3787.0,0
2024-02-01 03:55:00,3492.52,58.43,4.8,1490.2,0
2024-02-01 04:00:00,696.14,43.27,2.84,4562.6,0
2024-02-01 04:05:00,2978.72,34.46,4.98,2915.6,0
2024-02-01 04:10:00,679.99,64.11,4.98,2341.3,1
2024-02-01 04:15:00,2999.7,67.89,1.07,2153.2,0
2024-02-01 04:20:00,4746.48,56.54,2.16,1376.7,0
2024-02-01 04:25:00,1348.95,80.79,3.84,4815.2,0
2024-02-01 04:30:00,2279.18,37.91,0.65,1748.9,0
2024-02-01 04:35:00,1140.23,84.8,2.83,4069.5,0
2024-02-01 04:40:00,2972.79,74.07,0.34,120.1,0
2024-02-01 04:45:00,3887.68,49.65,2.72,3409.2,0
2024-02-01 04:50:00,1666.05,63.08,3.95,1690.6,0
2024-02-01 04:55:00,3153.81,51.44,1.74,3841.6,0
2024-02-01 05:00:00,2471.81,85.42,0.51,1199.2,0
2024-02-01 05:05:00,2749.72,32.18,0.81,2390.2,0
2024-02-01 05:10:00,2407.89,59.97,4.72,2375.5,0
2024-02-01 05:15:00,3790.22,71.12,4.74,3678.6,1
2024-02-01 05:20:00,1396.25,63.29,1.75,2624.6,0
2024-02-01 05:25:00,4900.92,65.07,4.13,1600.2,0
2024-02-01 05:30:00,1883.28,87.77,4.56,4186.7,1
2024-02-01 05:35:00,968.42,40.73,3.09,4601.4,0
2024-02-01 05:40:00,4031.01,73.73,2.61,579.8,0
2024-02-01 05:45:00,1609.03,72.76,4.0,114.8,0
2024-02-01 05:50:00,2233.06,56.18,1.54,1770.4,0
2024-02-01 05:55:00,1550.25,42.01,1.18,446.9,0
2024-02-01 06:00:00,2125.24,65.75,0.23,1435.3,0
2024-02-01 06:05:00,692.06,53.29,0.51,1103.6,0
2024-02-01 06:10:00,3439.25,32.21,4.48,1073.7,0
2024-02-01 06:15:00,3592.86,51.91,2.36,1949.0,0
2024-02-01 06:20:00,3797.57,58.46,1.89,2575.9,0
2024-02-01 06:25:00,1059.04,79.52,3.79,4724.1,0
2024-02-01 06:30:00,2986.65,66.64,1.76,4030.0,0
2024-02-01 06:35:00,1010.84,35.42,2.12,3086.1,0
2024-02-01 06:40:00,2228.43,59.02,3.23,2929.9,0
2024-02-01 06:45:00,4665.73,76.26,2.44,1482.3,0
2024-02-01 06:50:00,2845.88,85.83,3.25,344.2,1
2024-02-01 06:55:00,4037.79,46.64,4.07,4434.2,0
2024-02-01 07:00:00,4350.41,42.95,3.67,2047.2,0
2024-02-01 07:05:00,2597.46,60.61,0.73,1066.9,0
2024-02-01 07:10:00,4527.85,56.97,3.97,1821.4,0
2024-02-01 07:15:00,3239.17,77.77,4.69,589.8,1
2024-02-01 07:20:00,3624.81,59.42,3.1,4118.1,0
2024-02-01 07:25:00,510.82,54.46,2.93,3999.9,0
2024-02-01 07:30:00,1324.28,79.63,4.5,1016.6,0
2024-02-01 07:35:00,1242.39,69.46,2.17,747.2,0
2024-02-01 07:40:00,721.81,67.47,2.27,439.6,0
2024-02-01 07:45:00,4736.88,54.22,3.47,2497.9,0
2024-02-01 07:50:00,4542.56,36.94,2.79,4966.0,0
2024-02-01 07:55:00,3442.26,44.24,1.33,723.1,0
2024-02-01 08:00:00,3929.49,73.27,1.34,171.9,0
2024-02-01 08:05:00,4407.8,88.8,2.32,203.4,0
2024-02-01 08:10:00,4079.77,40.09,3.75,1886.0,0
2024-02-01 08:15:00,3615.27,70.39,3.03,4561.4,0
2024-02-01 08:20:00,2920.57,37.43,0.64,721.2,0
2024-02-01 08:25:00,2316.07,36.18,2.01,1778.1,0
2024-02-01 08:30:00,1580.61,88.78,0.71,3234.7,0
2024-02-01 08:35:00,4067.1,41.43,4.45,2620.0,0
2024-02-01 08:40:00,1645.51,86.22,4.47,908.0,1
2024-02-01 08:45:00,4911.31,67.72,2.6,2924.8,0
2024-02-01 08:50:00,700.15,81.2,1.62,4818.3,0
2024-02-01 08:55:00,1591.23,60.92,3.48,1985.7,0
2024-02-01 09:00:00,4207.62,63.25,0.65,4208.6,0
2024-02-01 09:05:00,3640.33,40.46,0.24,3510.7,0
2024-02-01 09:10:00,3408.2,50.2,1.05,3023.0,0
2024-02-01 09:15:00,3556.24,68.1,0.3,2897.3,0
2024-02-01 09:20:00,1987.47,46.53,0.76,2255.0,0
2024-02-01 09:25:00,4127.29,75.43,4.83,2124.5,1
2024-02-01 09:30:00,3723.58,69.2,1.61,416.7,0
2024-02-01 09:35:00,2965.12,45.68,3.44,4890.9,0
2024-02-01 09:40:00,2111.22,68.24,1.31,119.3,0
2024-02-01 09:45:00,2744.79,83.72,3.78,850.9,0
2024-02-01 09:50:00,3062.63,32.16,2.82,1714.2,0
2024-02-01 09:55:00,4059.26,53.83,0.89,3201.7,0
2024-02-01 10:00:00,3220.58,30.44,4.27,274.4,0
2024-02-01 10:05:00,660.04,57.2,0.63,2598.6,0
2024-02-01 10:10:00,4582.61,77.86,0.84,160.3,0
2024-02-01 10:15:00,3913.92,70.79,2.2,1877.0,0
2024-02-01 10:20:00,3209.01,73.66,4.23,3759.2,0
2024-02-01 10:25:00,1802.69,40.75,2.25,4145.5,0
2024-02-01 10:30:00,690.36,74.27,2.43,3962.5,0
2024-02-01 10:35:00,4002.08,59.17,0.76,1439.4,0
2024-02-01 10:40:00,2270.56,51.36,1.56,2106.8,0
2024-02-01 10:45:00,2212.87,42.85,3.99,3031.9,0
2024-02-01 10:50:00,846.78,65.37,0.96,1536.2,0
2024-02-01 10:55:00,886.8,43.56,3.22,1658.9,0
2024-02-01 11:00:00,1057.08,87.15,0.57,3645.8,0
2024-02-01 11:05:00,1728.83,72.96,4.61,750.1,1
2024-02-01 11:10:00,1436.77,68.35,4.06,1416.7,0
2024-02-01 11:15:00,2194.73,86.66,3.52,3285.7,0
2024-02-01 11:20:00,1076.03,89.76,0.21,562.0,1
2024-02-01 11:25:00,1963.39,69.12,0.53,4337.0,0
2024-02-01 11:30:00,1155.43,64.84,3.93,608.8,0
2024-02-01 11:35:00,4197.1,65.37,3.91,1109.6,0
2024-02-01 11:40:00,2488.6,64.79,4.36,219.2,0
2024-02-01 11:45:00,4038.34,50.27,0.73,3285.4,0
2024-02-01 11:50:00,4657.89,54.82,2.28,2834.7,0
2024-02-01 11:55:00,1902.02,83.4,3.46,1886.9,0
2024-02-01 12:00:00,1789.24,51.62,3.81,4362.4,0
2024-02-01 12:05:00,3407.08,52.46,4.9,1675.9,1
2024-02-01 12:10:00,4357.06,40.35,4.74,4087.8,1
2024-02-01 12:15:00,3117.41,54.13,4.23,4825.6,0
2024-02-01 12:20:00,2047.27,80.21,4.68,373.7,0
2024-02-01 12:25:00,4790.25,47.23,4.03,3844.6,0
2024-02-01 12:30:00,575.84,84.94,0.97,500.1,0
2024-02-01 12:35:00,3927.54,36.15,3.04,2273.2,0
2024-02-01 12:40:00,4866.22,62.35,2.71,336.0,0
2024-02-01 12:45:00,4782.02,69.65,2.63,183.9,0
2024-02-01 12:50:00,4087.97,50.34,0.97,2409.7,0
2024-02-01 12:55:00,849.59,73.36,0.83,429.1,0
2024-02-01 13:00:00,3426.85,30.92,4.64,3014.2,1
2024-02-01 13:05:00,2252.19,71.69,4.6,3247.0,1
2024-02-01 13:10:00,4210.22,75.99,4.87,3622.0,1
2024-02-01 13:15:00,1432.64,53.18,1.54,2182.4,0
2024-02-01 13:20:00,4944.86,36.36,4.15,3798.6,0
2024-02-01 13:25:00,2574.09,89.58,1.23,1762.9,1
2024-02-01 13:30:00,2780.43,83.17,2.94,4021.4,0
2024-02-01 13:35:00,2606.16,63.27,3.27,4452.5,0
2024-02-01 13:40:00,2316.44,34.83,3.16,1457.4,0
2024-02-01 13:45:00,1942.43,49.07,4.55,1374.7,1
2024-02-01 13:50:00,974.64,72.04,0.76,2563.4,0
2024-02-01 13:55:00,502.04,86.92,4.01,4511.4,1
2024-02-01 14:00:00,3374.82,45.92,4.42,3570.5,0
2024-02-01 14:05:00,3501.68,89.53,4.99,799.3,1
2024-02-01 14:10:00,1563.73,74.76,1.89,1450.5,0
2024-02-01 14:15:00,4729.33,62.6,1.2,3732.0,0
2024-02-01 14:20:00,3537.2,81.04,3.57,776.8,0
2024-02-01 14:25:00,2919.87,85.24,4.11,1289.4,1
2024-02-01 14:30:00,2240.4,66.57,3.73,550.4,0
2024-02-01 14:35:00,1568.38,40.91,4.86,4968.7,1
2024-02-01 14:40:00,3329.24,46.08,0.68,305.2,0
2024-02-01 14:45:00,1778.23,77.68,4.06,2758.3,0
2024-02-01 14:50:00,2814.52,85.93,4.25,3427.9,0
2024-02-01 14:55:00,1943.38,43.0,1.57,3302.0,0
2024-02-01 15:00:00,1838.5,82.34,1.77,325.5,0
2024-02-01 15:05:00,2101.57,54.86,4.73,4464.3,1
2024-02-01 15:10:00,3623.74,41.32,4.26,3273.9,0
2024-02-01 15:15:00,2344.28,53.31,4.38,171.4,0
2024-02-01 15:20:00,4985.52,59.44,4.46,1417.2,0
2024-02-01 15:25:00,4165.5,35.35,1.66,2430.8,0
2024-02-01 15:30:00,4260.52,82.95,4.23,2802.2,0
2024-02-01 15:35:00,4347.21,49.55,0.97,4539.4,0
2024-02-01 15:40:00,1766.06,83.73,2.31,4757.2,0
2024-02-01 15:45:00,1567.12,31.74,4.5,2203.2,0
2024-02-01 15:50:00,4584.49,73.09,3.76,1081.6,0
2024-02-01 15:55:00,663.51,80.46,0.53,4737.6,0
2024-02-01 16:00:00,3951.7,77.93,3.92,2679.8,0
2024-02-01 16:05:00,1963.46,65.64,0.85,115.2,0
2024-02-01 16:10:00,4536.99,54.34,0.33,3015.1,0
2024-02-01 16:15:00,3216.51,41.75,4.24,2810.3,0
2024-02-01 16:20:00,1461.33,35.06,0.54,4682.7,0
2024-02-01 16:25:00,2478.17,33.09,2.98,3687.7,0
2024-02-01 16:30:00,3445.12,51.54,1.52,3636.3,0
2024-02-01 16:35:00,3880.02,57.53,1.46,1615.8,0
2024-02-01 16:40:00,2803.27,52.75,1.65,1583.6,0
2024-02-01 16:45:00,3181.2,56.32,0.79,3018.2,0
2024-02-01 16:50:00,2892.86,75.75,2.95,689.9,0
2024-02-01 16:55:00,4868.45,77.46,1.25,1890.5,0
2024-02-01 17:00:00,2535.58,89.25,0.25,4085.4,0
2024-02-01 17:05:00,3063.69,52.9,0.86,3744.1,0
2024-02-01 17:10:00,1721.94,43.61,0.36,1151.5,0
2024-02-01 17:15:00,1779.37,39.71,4.84,2378.5,0
2024-02-01 17:20:00,1629.56,50.16,1.32,4996.0,0
2024-02-01 17:25:00,4291.46,49.4,4.0,1523.7,0
2024-02-01 17:30:00,1510.91,67.41,1.75,243.0,0
2024-02-01 17:35:00,2132.72,30.47,3.92,865.2,0
2024-02-01 17:40:00,2094.6,78.57,3.37,120.2,0
2024-02-01 17:45:00,4336.62,68.95,4.22,741.9,0
2024-02-01 17:50:00,2858.47,31.46,3.83,976.2,0
2024-02-01 17:55:00,1115.53,87.52,0.56,4801.9,1
2024-02-01 18:00:00,4654.5,46.23,2.87,2225.8,0
2024-02-01 18:05:00,1112.68,36.93,3.22,4445.3,0
2024-02-01 18:10:00,3021.42,74.33,3.85,4066.8,0
2024-02-01 18:15:00,3910.35,89.08,4.1,2203.0,0
2024-02-01 18:20:00,3049.0,33.25,4.19,3904.1,0
2024-02-01 18:25:00,1715.29,74.51,1.98,3001.7,0
2024-02-01 18:30:00,3311.02,54.12,1.41,3388.4,0
2024-02-01 18:35:00,1079.91,72.35,1.34,4061.8,0
2024-02-01 18:40:00,2060.55,80.78,1.13,2270.6,0
2024-02-01 18:45:00,1710.55,46.81,3.9,3590.9,0
2024-02-01 18:50:00,1646.7,81.54,2.3,3253.9,0
2024-02-01 18:55:00,4762.27,50.63,1.55,2996.2,0
2024-02-01 19:00:00,4109.64,66.29,3.19,297.3,0
2024-02-01 19:05:00,915.28,44.86,1.03,3619.4,0
2024-02-01 19:10:00,2143.87,40.56,4.45,4059.5,0
2024-02-01 19:15:00,4013.98,35.76,3.35,1379.4,0
2024-02-01 19:20:00,4208.62,88.1,1.76,1265.4,1
2024-02-01 19:25:00,4623.14,67.41,4.04,906.0,0
2024-02-01 19:30:00,2552.88,67.41,3.29,4920.1,0
2024-02-01 19:35:00,3101.69,52.29,3.4,2184.1,0
2024-02-01 19:40:00,1910.34,77.17,4.46,126.1,0
2024-02-01 19:45:00,1966.78,75.01,4.83,4459.3,1
2024-02-01 19:50:00,2992.12,56.16,0.85,859.7,0
2024-02-01 19:55:00,3179.86,61.6,2.23,625.7,0
2024-02-01 20:00:00,779.28,45.28,0.58,1001.2,0
2024-02-01 20:05:00,666.32,42.09,4.46,3442.0,0
2024-02-01 20:10:00,3583.14,55.43,1.09,2314.2,0
2024-02-01 20:15:00,4742.84,58.7,0.62,2765.8,0
2024-02-01 20:20:00,4483.79,57.21,0.43,3283.2,0
2024-02-01 20:25:00,3280.11,37.3,2.29,1516.3,0
2024-02-01 20:30:00,4094.58,82.85,0.25,885.3,0
2024-02-01 20:35:00,1996.77,54.0,4.9,3053.7,0
2024-02-01 20:40:00,4219.59,60.13,3.29,2877.3,0
2024-02-01 20:45:00,3715.83,47.27,3.96,3953.7,0
2024-02-01 20:50:00,4160.18,68.32,2.38,1703.5,0
2024-02-01 20:55:00,576.41,74.96,1.46,2722.4,0
2024-02-01 21:00:00,4098.31,50.61,0.62,2418.8,0
2024-02-01 21:05:00,3522.81,47.86,2.96,2473.0,0
2024-02-01 21:10:00,4900.57,57.65,4.49,1741.7,0
2024-02-01 21:15:00,2674.97,76.47,2.58,2546.2,0
2024-02-01 21:20:00,3048.76,35.76,4.73,1211.4,0
2024-02-01 21:25:00,2957.36,43.92,2.51,814.8,0
2024-02-01 21:30:00,1147.86,54.84,1.25,1838.2,0
2024-02-01 21:35:00,1323.41,79.75,0.3,1147.6,0
2024-02-01 21:40:00,3229.46,53.08,0.84,2144.6,0
2024-02-01 21:45:00,1423.82,73.39,3.78,3031.2,0
2024-02-01 21:50:00,2903.22,33.17,3.57,1479.2,0
2024-02-01 21:55:00,1332.66,38.16,4.88,3685.9,0
2024-02-01 22:00:00,1921.08,70.4,2.81,1662.7,0
2024-02-01 22:05:00,2116.69,79.22,4.87,949.7,1
2024-02-01 22:10:00,3438.04,78.65,2.34,2679.3,0
2024-02-01 22:15:00,557.27,51.51,2.77,1222.8,0
2024-02-01 22:20:00,1622.45,63.18,1.15,3741.5,0
2024-02-01 22:25:00,1925.33,49.34,2.79,1072.7,0
2024-02-01 22:30:00,2240.23,57.83,1.91,1065.7,0
2024-02-01 22:35:00,4730.06,81.77,0.9,3887.0,0
2024-02-01 22:40:00,2361.55,33.74,2.35,2177.1,0
2024-02-01 22:45:00,2219.65,36.96,3.53,3250.4,0
2024-02-01 22:50:00,670.3,32.92,0.63,351.1,0
2024-02-01 22:55:00,2826.18,70.76,0.87,4918.5,0
2024-02-01 23:00:00,2937.68,44.76,3.94,4442.0,0
2024-02-01 23:05:00,2100.84,41.5,0.28,1876.8,0
2024-02-01 23:10:00,4120.84,67.17,3.09,526.2,0
2024-02-01 23:15:00,1457.0,64.92,4.1,309.7,0
2024-02-01 23:20:00,2549.81,33.29,3.92,1266.4,0
2024-02-01 23:25:00,3774.73,33.18,4.73,3144.2,1
2024-02-01 23:30:00,1062.23,86.0,1.71,1575.4,0
2024-02-01 23:35:00,4547.74,79.03,2.19,1707.2,0
2024-02-01 23:40:00,4317.44,41.06,2.02,548.4,0
2024-02-01 23:45:00,1275.95,57.82,0.71,4430.2,0
2024-02-01 23:50:00,626.02,44.2,4.91,3468.1,0
2024-02-01 23:55:00,4903.22,85.83,4.92,4762.0,0
2024-02-02 00:00:00,3623.82,57.41,4.14,389.3,0
2024-02-02 00:05:00,3565.72,46.32,2.02,4273.1,0
2024-02-02 00:10:00,1077.84,69.81,1.21,3391.2,0
2024-02-02 00:15:00,2193.47,67.65,1.52,4810.6,0
2024-02-02 00:20:00,1730.93,32.01,0.95,3860.9,0
2024-02-02 00:25:00,4973.09,30.71,3.55,4043.5,0
2024-02-02 00:30:00,3502.89,62.32,3.43,1947.9,0
2024-02-02 00:35:00,4812.03,71.74,3.63,471.4,0
2024-02-02 00:40:00,962.69,82.43,4.52,1715.0,1
2024-02-02 00:45:00,3464.67,71.26,4.39,3156.1,0
2024-02-02 00:50:00,2644.1,84.38,3.89,4885.7,0
2024-02-02 00:55:00,4893.43,72.99,1.53,2588.1,0
2024-02-02 01:00:00,4888.96,59.9,3.37,2716.6,0
2024-02-02 01:05:00,3014.96,60.26,2.02,2259.5,0
2024-02-02 01:10:00,1914.25,89.37,1.45,3708.7,0
2024-02-02 01:15:00,3862.06,55.79,1.87,1456.3,0
2024-02-02 01:20:00,4287.89,72.72,1.47,4079.0,0
2024-02-02 01:25:00,1527.23,67.85,0.98,3206.1,0
2024-02-02 01:30:00,3900.18,69.89,3.27,3225.0,0
2024-02-02 01:35:00,2452.35,62.85,0.34,4563.6,0
2024-02-02 01:40:00,2956.83,80.56,3.83,4168.8,0
2024-02-02 01:45:00,1633.19,89.11,2.95,1605.7,1
2024-02-02 01:50:00,1970.38,71.0,1.05,282.8,0
2024-02-02 01:55:00,4094.81,84.7,2.69,2493.6,0
2024-02-02 02:00:00,1391.96,78.08,4.96,2646.9,1
2024-02-02 02:05:00,3348.56,85.95,2.54,2747.7,0
2024-02-02 02:10:00,4864.04,67.41,2.64,3198.0,0
2024-02-02 02:15:00,4270.61,63.06,1.33,3048.4,0
2024-02-02 02:20:00,3818.3,69.38,1.3,4079.4,0
2024-02-02 02:25:00,3105.12,62.66,2.25,1824.5,0
2024-02-02 02:30:00,1244.07,40.02,4.74,2869.4,0
2024-02-02 02:35:00,2342.96,33.02,1.25,1401.9,0
2024-02-02 02:40:00,1068.67,56.08,0.63,709.8,0
2024-02-02 02:45:00,641.89,33.76,4.05,4630.8,0
2024-02-02 02:50:00,4422.76,35.2,0.21,2760.6,0
2024-02-02 02:55:00,639.44,55.3,0.52,2268.9,0
2024-02-02 03:00:00,3173.46,41.06,4.76,2893.5,0
2024-02-02 03:05:00,2791.24,37.16,2.65,224.0,0
2024-02-02 03:10:00,529.38,65.29,2.14,1998.7,0
2024-02-02 03:15:00,1222.4,44.9,2.22,122.3,0
2024-02-02 03:20:00,1683.43,58.3,3.96,797.0,0
2024-02-02 03:25:00,2873.29,55.86,3.06,2494.1,0
2024-02-02 03:30:00,3684.53,67.5,4.69,4673.1,0
2024-02-02 03:35:00,610.94,85.83,0.58,477.0,0
2024-02-02 03:40:00,1254.14,77.96,1.39,3031.2,0
2024-02-02 03:45:00,2117.02,45.36,3.57,545.0,0
2024-02-02 03:50:00,2463.52,52.49,0.73,3402.4,0
2024-02-02 03:55:00,1798.98,51.23,4.88,2198.4,1
2024-02-02 04:00:00,3944.65,33.4,2.72,1724.4,0
2024-02-02 04:05:00,2630.7,70.11,3.61,1617.5,0
2024-02-02 04:10:00,2262.44,89.9,3.76,3212.8,0
2024-02-02 04:15:00,1288.78,59.73,4.67,4900.6,0
2024-02-02 04:20:00,1583.25,30.23,4.86,2213.7,0
2024-02-02 04:25:00,2509.91,88.93,4.56,162.0,1
2024-02-02 04:30:00,1113.64,56.83,0.31,4801.3,0
2024-02-02 04:35:00,2464.03,73.87,4.98,1846.9,1
2024-02-02 04:40:00,3124.16,70.99,1.15,4206.4,0
2024-02-02 04:45:00,2799.52,70.23,3.89,316.9,0
2024-02-02 04:50:00,3402.79,44.48,4.71,369.5,0
2024-02-02 04:55:00,4386.54,39.42,3.83,4259.1,0
2024-02-02 05:00:00,1046.72,67.37,4.56,805.2,1
2024-02-02 05:05:00,4595.14,50.8,3.01,3996.8,0
2024-02-02 05:10:00,3416.45,45.53,0.24,2086.7,0
2024-02-02 05:15:00,2968.34,45.12,3.42,1689.0,0
2024-02-02 05:20:00,3450.19,67.34,4.33,3027.1,0
2024-02-02 05:25:00,3735.95,83.62,2.54,4456.9,0
2024-02-02 05:30:00,4819.44,83.3,1.5,1694.4,0
2024-02-02 05:35:00,4432.23,53.84,0.84,4111.3,0
2024-02-02 05:40:00,2672.36,60.92,1.88,2953.0,0
2024-02-02 05:45:00,4014.04,45.94,0.79,4443.2,0
2024-02-02 05:50:00,2267.69,74.4,1.02,1503.1,0
2024-02-02 05:55:00,1188.67,85.19,3.5,4389.1,0
2024-02-02 06:00:00,1523.88,43.32,0.56,3747.7,0
2024-02-02 06:05:00,4923.08,69.51,2.53,2339.6,0
2024-02-02 06:10:00,718.86,61.42,4.19,3326.4,0
2024-02-02 06:15:00,4084.1,36.07,4.19,1776.4,0
2024-02-02 06:20:00,744.35,36.1,4.74,1469.9,1
2024-02-02 06:25:00,1382.6,32.04,4.86,2945.7,1
2024-02-02 06:30:00,3850.45,46.19,0.81,3444.1,0
2024-02-02 06:35:00,2714.57,75.92,4.24,1004.5,0
2024-02-02 06:40:00,1681.98,73.53,4.92,853.4,1
2024-02-02 06:45:00,658.61,72.3,1.78,720.9,0
2024-02-02 06:50:00,2118.03,32.22,3.78,2926.0,0
2024-02-02 06:55:00,4255.99,75.82,2.64,3565.4,0
2024-02-02 07:00:00,1982.61,38.53,1.29,3246.9,0
2024-02-02 07:05:00,3579.59,48.32,2.34,3337.2,0
2024-02-02 07:10:00,2434.16,42.24,1.49,4445.5,0
2024-02-02 07:15:00,3111.1,47.38,2.29,950.3,0
2024-02-02 07:20:00,1330.58,70.65,1.84,2959.5,0
2024-02-02 07:25:00,3113.98,32.8,1.75,1379.5,0
2024-02-02 07:30:00,4649.41,30.8,2.58,4262.8,0
2024-02-02 07:35:00,4280.49,37.14,4.87,1368.0,1
2024-02-02 07:40:00,4933.57,60.14,3.92,844.0,0
2024-02-02 07:45:00,2371.31,51.11,1.85,3833.1,0
2024-02-02 07:50:00,2708.16,47.88,4.75,3506.8,0
2024-02-02 07:55:00,4714.61,41.78,1.34,1028.1,0
2024-02-02 08:00:00,2107.84,58.5,2.59,1763.0,0
2024-02-02 08:05:00,3433.06,70.16,3.38,208.4,0
2024-02-02 08:10:00,982.24,61.51,1.98,2987.4,0
2024-02-02 08:15:00,4567.02,37.93,1.64,4270.8,0
2024-02-02 08:20:00,2372.89,39.76,0.71,1810.4,0
2024-02-02 08:25:00,831.09,45.47,1.82,239.9,0
2024-02-02 08:30:00,2058.24,67.72,4.33,2066.0,0
2024-02-02 08:35:00,3489.67,86.55,2.67,4941.8,0
2024-02-02 08:40:00,4013.17,60.71,1.4,1241.2,0
2024-02-02 08:45:00,4710.15,65.11,1.39,3890.0,0
2024-02-02 08:50:00,1449.02,85.02,2.71,1288.6,1
2024-02-02 08:55:00,3232.45,77.4,0.87,3737.2,0
2024-02-02 09:00:00,2252.04,89.02,1.69,902.5,0
2024-02-02 09:05:00,2046.18,58.81,3.4,3479.3,0
2024-02-02 09:10:00,4189.99,41.56,4.63,4648.9,0
2024-02-02 09:15:00,4837.52,80.12,3.79,2843.3,0
2024-02-02 09:20:00,4091.56,64.39,0.62,2578.9,0
2024-02-02 09:25:00,3637.64,60.86,1.75,4676.3,0
2024-02-02 09:30:00,1277.06,32.32,1.76,1928.8,0
2024-02-02 09:35:00,3132.78,56.38,1.89,1594.6,0
2024-02-02 09:40:00,751.52,79.8,0.33,881.7,0
2024-02-02 09:45:00,1169.57,70.09,0.69,1551.6,0
2024-02-02 09:50:00,3357.98,38.14,4.46,2232.5,0
2024-02-02 09:55:00,1795.49,55.79,3.06,2324.2,0
2024-02-02 10:00:00,4458.75,79.87,1.74,926.5,0
2024-02-02 10:05:00,3462.79,37.39,3.32,2033.4,0
2024-02-02 10:10:00,4033.04,62.46,2.08,1777.5,0
2024-02-02 10:15:00,1503.0,36.11,1.48,2235.2,0
2024-02-02 10:20:00,687.08,72.47,2.33,1699.6,0
2024-02-02 10:25:00,1462.91,58.9,3.87,2409.4,0
2024-02-02 10:30:00,3260.65,39.01,2.16,1878.0,0
2024-02-02 10:35:00,2239.54,77.25,1.34,1267.4,0
2024-02-02 10:40:00,3657.53,40.75,3.6,409.9,0
2024-02-02 10:45:00,2055.8,34.09,3.52,4979.0,0
2024-02-02 10:50:00,2227.36,74.95,4.83,1905.8,1
2024-02-02 10:55:00,4280.73,36.22,4.51,1124.4,1
2024-02-02 11:00:00,4820.85,38.25,3.16,180.7,0
2024-02-02 11:05:00,1750.74,34.23,4.93,2224.6,1
2024-02-02 11:10:00,3528.2,57.66,0.47,1995.2,0
2024-02-02 11:15:00,1092.67,44.77,2.37,748.7,0
2024-02-02 11:20:00,2625.93,85.99,1.94,1817.4,0
2024-02-02 11:25:00,1268.83,40.37,3.58,4124.0,0
2024-02-02 11:30:00,2735.19,37.63,3.29,4844.1,0
2024-02-02 11:35:00,2388.93,35.19,3.24,4710.9,0
2024-02-02 11:40:00,3954.08,50.16,1.55,3238.2,0
2024-02-02 11:45:00,4958.92,57.11,1.88,285.7,0
2024-02-02 11:50:00,3079.45,54.13,2.62,3263.2,0
2024-02-02 11:55:00,2953.34,57.98,1.2,2651.9,0
2024-02-02 12:00:00,4524.92,42.15,4.51,4447.0,1
2024-02-02 12:05:00,4411.26,55.45,3.32,3407.3,0
2024-02-02 12:10:00,2010.67,32.56,2.32,1647.2,0
2024-02-02 12:15:00,505.44,58.83,1.75,4982.1,0
2024-02-02 12:20:00,2758.68,33.56,0.85,3765.9,0
2024-02-02 12:25:00,1821.39,87.46,1.75,4705.1,1
2024-02-02 12:30:00,4005.28,77.44,3.42,4985.0,0
2024-02-02 12:35:00,1910.75,39.7,4.06,4063.0,0
2024-02-02 12:40:00,3138.47,60.22,3.2,4031.2,0
2024-02-02 12:45:00,2331.57,48.15,2.41,309.7,0
2024-02-02 12:50:00,615.18,86.35,1.52,2974.6,0
2024-02-02 12:55:00,2350.88,69.66,3.51,4258.3,0
2024-02-02 13:00:00,687.39,70.28,4.31,395.8,0
2024-02-02 13:05:00,4970.6,69.85,2.62,1715.5,0
2024-02-02 13:10:00,634.07,87.4,1.22,4422.6,0
2024-02-02 13:15:00,1811.96,38.07,2.68,4883.1,0
2024-02-02 13:20:00,4718.87,36.9,1.44,3118.1,0
2024-02-02 13:25:00,2855.28,82.19,1.49,3192.0,0
2024-02-02 13:30:00,738.0,77.46,4.16,1680.3,0
2024-02-02 13:35:00,1027.98,32.41,3.57,950.3,0
2024-02-02 13:40:00,3628.71,89.29,0.85,1242.8,0
2024-02-02 13:45:00,2877.23,58.17,3.82,1857.3,0
2024-02-02 13:50:00,4669.97,50.29,2.75,2623.9,0
2024-02-02 13:55:00,2346.83,54.19,2.3,3128.8,0
2024-02-02 14:00:00,3075.68,60.56,1.88,1030.0,0
2024-02-02 14:05:00,1081.71,72.45,4.46,679.4,0
2024-02-02 14:10:00,1824.92,33.99,0.55,2933.3,0
2024-02-02 14:15:00,1083.66,51.18,3.8,1569.5,0
2024-02-02 14:20:00,4595.63,89.8,3.23,955.3,0
2024-02-02 14:25:00,3272.25,30.77,1.6,4411.4,0
2024-02-02 14:30:00,1372.06,34.33,4.1,2096.0,0
2024-02-02 14:35:00,4160.22,47.59,2.15,3141.1,0
2024-02-02 14:40:00,1560.47,31.58,2.26,4988.6,0
2024-02-02 14:45:00,3084.55,47.35,1.03,2286.9,0
2024-02-02 14:50:00,953.57,44.64,2.59,309.7,0
2024-02-02 14:55:00,3535.93,60.15,1.16,2466.8,0
2024-02-02 15:00:00,3504.7,63.91,1.81,1135.4,0
2024-02-02 15:05:00,3611.34,86.29,1.75,591.6,1
2024-02-02 15:10:00,2204.35,74.82,3.79,2392.6,0
2024-02-02 15:15:00,901.32,58.73,2.52,1636.5,0
2024-02-02 15:20:00,3191.15,47.08,4.68,2944.7,1
2024-02-02 15:25:00,3047.53,72.45,2.37,2660.9,0
2024-02-02 15:30:00,4709.59,85.41,2.66,2023.8,1
2024-02-02 15:35:00,1792.18,59.45,0.69,904.6,0
2024-02-02 15:40:00,1224.18,38.87,1.2,4859.4,0
2024-02-02 15:45:00,3235.03,39.21,1.47,390.1,0
2024-02-02 15:50:00,2018.36,79.8,3.26,3615.1,0
2024-02-02 15:55:00,509.17,78.95,2.12,2781.5,0
2024-02-02 16:00:00,867.97,80.08,0.57,4944.2,0
2024-02-02 16:05:00,2043.65,69.56,4.19,2200.9,0
2024-02-02 16:10:00,1756.87,36.71,2.92,1189.3,0
2024-02-02 16:15:00,2157.27,67.66,1.84,1448.8,0
2024-02-02 16:20:00,1318.44,72.71,1.04,2013.9,0
2024-02-02 16:25:00,1880.83,54.19,2.12,869.7,0
2024-02-02 16:30:00,1692.1,79.69,2.57,3905.8,0
2024-02-02 16:35:00,4501.77,66.9,0.38,1264.7,0
2024-02-02 16:40:00,1816.99,44.69,3.48,398.9,0
2024-02-02 16:45:00,2633.8,64.71,4.47,3709.1,0
2024-02-02 16:50:00,1861.68,52.72,2.13,218.0,0
2024-02-02 16:55:00,858.73,64.56,1.03,3062.1,0
2024-02-02 17:00:00,1555.9,83.44,0.99,3771.6,0
2024-02-02 17:05:00,809.94,40.34,2.34,1586.3,0
2024-02-02 17:10:00,1806.62,74.81,2.59,189.2,0
2024-02-02 17:15:00,4827.51,50.98,1.49,3933.3,0
2024-02-02 17:20:00,2899.17,57.53,3.72,3838.5,0
2024-02-02 17:25:00,2886.78,54.1,3.19,1815.0,0
2024-02-02 17:30:00,4772.34,74.93,0.57,3578.6,0
2024-02-02 17:35:00,3927.24,63.51,2.05,3794.9,0
2024-02-02 17:40:00,1105.39,34.45,1.3,1175.2,0
2024-02-02 17:45:00,2723.17,42.12,0.46,3403.8,0
2024-02-02 17:50:00,3881.15,46.14,1.13,1230.6,0
2024-02-02 17:55:00,2554.23,58.59,4.23,2912.5,0
2024-02-02 18:00:00,4342.57,34.26,2.0,1812.6,0
2024-02-02 18:05:00,4174.54,64.73,4.01,2180.2,0
2024-02-02 18:10:00,4236.25,77.12,3.13,1133.7,0
2024-02-02 18:15:00,3765.05,37.5,4.77,4306.1,1
2024-02-02 18:20:00,4787.76,66.99,4.14,4608.9,0
2024-02-02 18:25:00,3586.65,58.37,1.46,2908.6,0
2024-02-02 18:30:00,4825.65,48.09,2.91,1548.1,0
2024-02-02 18:35:00,565.68,52.59,2.79,1704.7,0
2024-02-02 18:40:00,1745.46,84.14,1.07,4978.1,0
2024-02-02 18:45:00,881.14,30.3,1.77,775.6,0
2024-02-02 18:50:00,2702.21,72.78,4.03,1537.7,0
2024-02-02 18:55:00,3071.79,60.7,2.61,1863.4,0
2024-02-02 19:00:00,1913.9,57.15,2.74,1181.0,0
2024-02-02 19:05:00,3177.04,65.6,2.51,1338.6,0
2024-02-02 19:10:00,772.62,34.9,2.57,2534.6,0
2024-02-02 19:15:00,1005.39,50.17,0.28,1540.6,0
2024-02-02 19:20:00,726.0,32.23,2.13,2202.5,0
2024-02-02 19:25:00,1742.58,64.15,4.97,3568.6,1
2024-02-02 19:30:00,4675.4,30.72,0.85,2936.7,0
2024-02-02 19:35:00,3499.32,45.4,3.38,3316.5,0
2024-02-02 19:40:00,2918.95,85.78,3.76,836.6,0
2024-02-02 19:45:00,4033.54,33.19,1.64,3219.9,0
2024-02-02 19:50:00,3831.46,67.78,3.24,2712.1,0
2024-02-02 19:55:00,1531.23,49.13,2.12,1053.6,0
2024-02-02 20:00:00,849.59,60.06,2.99,4157.2,0
2024-02-02 20:05:00,825.5,45.88,1.62,4464.7,0
2024-02-02 20:10:00,1469.15,58.26,3.12,2049.9,0
2024-02-02 20:15:00,989.72,42.92,2.99,996.8,0
2024-02-02 20:20:00,3448.25,86.14,3.16,3092.0,0
2024-02-02 20:25:00,1526.69,33.87,3.98,158.3,0
2024-02-02 20:30:00,2488.8,86.54,0.39,485.0,0
2024-02-02 20:35:00,3776.1,74.56,3.62,3589.8,0
2024-02-02 20:40:00,4319.73,30.17,1.68,4591.4,0
2024-02-02 20:45:00,657.42,80.01,3.05,3041.8,0
2024-02-02 20:50:00,2511.86,33.06,2.16,4570.2,0
2024-02-02 20:55:00,3529.39,43.11,0.61,2542.1,0
2024-02-02 21:00:00,2384.92,49.96,4.76,544.2,0
2024-02-02 21:05:00,3139.26,74.22,0.87,3547.4,0
2024-02-02 21:10:00,3402.01,81.57,2.96,1479.3,0
2024-02-02 21:15:00,2081.83,50.3,4.6,3607.5,1
2024-02-02 21:20:00,4256.19,72.83,4.75,4511.7,0
2024-02-02 21:25:00,1546.92,85.65,0.54,1294.3,0
2024-02-02 21:30:00,3287.89,69.13,3.62,4800.4,0
2024-02-02 21:35:00,807.87,80.61,3.13,1016.0,0
2024-02-02 21:40:00,3005.56,63.02,0.91,1551.4,0
2024-02-02 21:45:00,4649.3,59.73,1.75,4393.2,0
2024-02-02 21:50:00,652.16,36.97,0.8,4991.6,0
2024-02-02 21:55:00,3589.25,78.33,0.21,1696.7,0
2024-02-02 22:00:00,3725.73,46.82,2.49,1310.7,0
2024-02-02 22:05:00,1341.07,42.83,0.29,2430.4,0
2024-02-02 22:10:00,3484.08,57.68,3.92,1973.9,0
2024-02-02 22:15:00,1350.86,48.68,0.81,2702.7,0
2024-02-02 22:20:00,3000.03,43.46,3.75,4316.2,0
2024-02-02 22:25:00,841.41,56.98,1.94,3917.0,0
2024-02-02 22:30:00,2196.06,41.15,2.0,3770.9,0
2024-02-02 22:35:00,768.0,44.82,2.25,4003.6,0
2024-02-02 22:40:00,2738.72,67.12,3.79,1692.6,0
2024-02-02 22:45:00,1283.44,33.6,3.77,4206.8,0
2024-02-02 22:50:00,3894.64,35.69,0.63,2012.5,0
2024-02-02 22:55:00,1339.04,71.61,4.31,1896.9,0
2024-02-02 23:00:00,1639.4,63.56,0.72,3244.0,0
2024-02-02 23:05:00,4804.76,88.65,1.2,3073.1,0
2024-02-02 23:10:00,1689.96,56.92,0.29,2413.3,0
2024-02-02 23:15:00,4393.33,88.34,1.91,4253.1,1
2024-02-02 23:20:00,766.97,66.19,1.12,4566.8,0
2024-02-02 23:25:00,1075.9,62.81,4.36,987.9,0
2024-02-02 23:30:00,4910.24,86.39,2.32,2712.5,1
2024-02-02 23:35:00,1965.31,42.72,0.3,1018.4,0
2024-02-02 23:40:00,2765.78,43.78,0.97,155.0,0
2024-02-02 23:45:00,3051.29,80.24,4.52,3478.0,1
2024-02-02 23:50:00,2382.61,56.56,3.19,3084.7,0
2024-02-02 23:55:00,3717.46,69.9,1.55,538.9,0
2024-02-03 00:00:00,1101.65,61.74,1.41,483.4,0
2024-02-03 00:05:00,3310.48,43.02,1.04,4508.7,0
2024-02-03 00:10:00,4344.28,48.93,0.22,2161.9,0
2024-02-03 00:15:00,1808.52,50.79,4.26,2225.1,0
2024-02-03 00:20:00,2082.04,86.04,0.2,4727.2,0
2024-02-03 00:25:00,2164.36,41.36,3.09,2272.0,0
2024-02-03 00:30:00,2119.78,42.66,3.15,1888.5,0
2024-02-03 00:35:00,1667.13,45.02,3.05,2332.5,0
2024-02-03 00:40:00,2976.27,38.75,4.42,4607.2,0
2024-02-03 00:45:00,1389.63,52.41,3.67,4433.2,0
2024-02-03 00:50:00,3757.58,51.99,4.83,282.5,1
2024-02-03 00:55:00,2318.7,68.53,4.54,4962.2,0
2024-02-03 01:00:00,2857.24,61.22,3.55,2582.5,0
2024-02-03 01:05:00,4238.92,41.72,3.97,274.1,0
2024-02-03 01:10:00,4833.43,61.47,0.77,4788.4,0
2024-02-03 01:15:00,689.59,53.23,2.72,4264.1,0
2024-02-03 01:20:00,1137.24,53.51,1.24,3274.8,0
2024-02-03 01:25:00,2898.47,42.44,2.46,2687.9,0
2024-02-03 01:30:00,1402.35,42.26,1.3,3141.7,0
2024-02-03 01:35:00,2091.55,64.99,2.3,1303.0,0
2024-02-03 01:40:00,4898.39,62.01,4.44,1884.0,0
2024-02-03 01:45:00,3637.86,77.69,3.86,207.6,0
2024-02-03 01:50:00,1891.47,68.19,4.64,2753.4,1
2024-02-03 01:55:00,941.07,56.82,3.19,3190.1,0
2024-02-03 02:00:00,2311.51,32.24,1.0,627.3,0
2024-02-03 02:05:00,1136.2,61.19,3.04,2492.7,0
2024-02-03 02:10:00,4223.76,41.04,2.22,2777.6,0
2024-02-03 02:15:00,3440.93,84.8,2.49,3773.1,0
2024-02-03 02:20:00,1631.13,44.45,1.62,1209.5,0
2024-02-03 02:25:00,3456.59,37.51,1.61,4394.3,0
2024-02-03 02:30:00,2970.43,79.62,3.27,1938.0,0
2024-02-03 02:35:00,1906.52,50.92,4.53,1553.7,0
2024-02-03 02:40:00,4544.43,51.32,1.67,2803.4,0
2024-02-03 02:45:00,1079.35,89.69,3.37,4461.1,1
2024-02-03 02:50:00,3973.9,65.89,3.84,3082.0,0
2024-02-03 02:55:00,3068.86,34.22,2.66,2706.2,0
2024-02-03 03:00:00,1206.62,45.62,1.69,714.3,0
2024-02-03 03:05:00,3303.78,49.1,1.05,3902.0,0
2024-02-03 03:10:00,923.65,84.03,1.88,1681.4,0
2024-02-03 03:15:00,2670.33,79.74,2.02,1892.0,0
2024-02-03 03:20:00,872.52,45.25,2.88,4255.4,0
2024-02-03 03:25:00,3285.23,84.87,1.14,3186.8,0
2024-02-03 03:30:00,4202.69,70.99,2.65,3078.2,0
2024-02-03 03:35:00,3805.32,55.2,2.04,3904.4,0
2024-02-03 03:40:00,3537.81,81.42,0.47,1199.4,0
2024-02-03 03:45:00,650.67,64.24,2.49,4887.7,0
2024-02-03 03:50:00,738.89,83.23,2.22,2073.9,0
2024-02-03 03:55:00,2210.55,84.52,3.23,850.6,0
2024-02-03 04:00:00,2215.67,73.24,1.89,1215.5,0
2024-02-03 04:05:00,1116.43,83.62,2.63,4364.5,0
2024-02-03 04:10:00,537.28,70.51,2.16,3481.0,0
2024-02-03 04:15:00,522.86,54.12,3.45,4540.7,0
2024-02-03 04:20:00,1152.47,65.2,1.31,3967.1,0
2024-02-03 04:25:00,3159.52,65.76,2.19,3918.4,0
2024-02-03 04:30:00,2172.75,40.75,2.73,2750.0,0
2024-02-03 04:35:00,3868.93,38.05,3.05,451.1,0
2024-02-03 04:40:00,3047.34,89.47,0.68,1843.4,1
2024-02-03 04:45:00,1177.88,31.03,4.28,4456.9,0
2024-02-03 04:50:00,538.68,53.68,1.17,2304.4,0
2024-02-03 04:55:00,4302.65,37.2,1.46,1575.9,0
2024-02-03 05:00:00,1563.31,80.2,1.32,3410.6,0
2024-02-03 05:05:00,1401.91,74.34,3.98,361.1,0
2024-02-03 05:10:00,1622.49,70.88,3.15,514.0,0
2024-02-03 05:15:00,1458.99,65.55,2.76,4066.5,0
2024-02-03 05:20:00,2484.12,37.44,4.78,3511.6,0
2024-02-03 05:25:00,4967.01,56.91,4.56,1244.6,1
2024-02-03 05:30:00,4970.29,66.41,4.71,2937.3,0
2024-02-03 05:35:00,912.11,44.54,0.7,990.7,0
2024-02-03 05:40:00,542.61,58.8,2.84,3947.0,0
2024-02-03 05:45:00,4656.02,36.69,3.57,4083.6,0
2024-02-03 05:50:00,2872.37,38.74,2.08,2283.1,0
2024-02-03 05:55:00,2364.65,47.34,2.93,251.2,0
2024-02-03 06:00:00,4981.66,81.03,1.21,2682.4,0
2024-02-03 06:05:00,4042.44,89.75,3.45,2264.8,1
2024-02-03 06:10:00,4296.24,48.01,0.42,1574.4,0
2024-02-03 06:15:00,4065.45,33.63,0.85,3872.8,0
2024-02-03 06:20:00,2577.66,58.47,3.45,2861.1,0
2024-02-03 06:25:00,811.49,57.44,0.46,3396.5,0
2024-02-03 06:30:00,2929.4,56.55,4.89,1334.7,1
2024-02-03 06:35:00,2252.57,73.59,0.85,2792.6,0
2024-02-03 06:40:00,2044.27,68.54,0.89,2634.1,0
2024-02-03 06:45:00,4660.28,86.1,4.95,1288.3,0
2024-02-03 06:50:00,2338.68,76.52,1.45,890.4,0
2024-02-03 06:55:00,820.75,66.57,1.77,2139.6,0
2024-02-03 07:00:00,2040.65,55.82,0.53,3733.1,0
2024-02-03 07:05:00,3282.85,58.98,1.26,2162.7,0
2024-02-03 07:10:00,3454.68,75.8,2.32,942.4,0
2024-02-03 07:15:00,2699.72,73.06,2.16,1771.4,0
2024-02-03 07:20:00,3376.1,86.79,4.54,1603.2,1
2024-02-03 07:25:00,4819.85,71.19,2.07,670.2,0
2024-02-03 07:30:00,4008.81,66.31,2.48,3044.9,0
2024-02-03 07:35:00,2703.8,30.88,3.92,2343.9,0
2024-02-03 07:40:00,1115.9,45.48,0.53,2798.6,0
2024-02-03 07:45:00,3650.38,75.76,4.41,3982.7,0
2024-02-03 07:50:00,1700.47,35.08,4.33,2719.9,0
2024-02-03 07:55:00,3422.62,84.84,1.48,4332.8,0
2024-02-03 08:00:00,2501.4,85.97,3.35,4257.9,1
2024-02-03 08:05:00,2146.42,30.97,1.81,3836.4,0
2024-02-03 08:10:00,1484.73,35.43,2.88,927.4,0
2024-02-03 08:15:00,1892.47,67.06,0.71,1761.5,0
2024-02-03 08:20:00,1120.87,41.43,1.61,2978.6,0
2024-02-03 08:25:00,4356.89,44.39,2.99,819.9,0
2024-02-03 08:30:00,1095.47,69.31,2.1,4863.8,0
2024-02-03 08:35:00,1922.95,31.31,4.59,4202.9,0
2024-02-03 08:40:00,1431.87,41.4,2.67,2586.0,0
2024-02-03 08:45:00,2204.07,89.14,3.05,3645.6,0
2024-02-03 08:50:00,3327.64,73.75,2.28,4150.6,0
2024-02-03 08:55:00,2205.16,79.1,2.13,4967.3,0
2024-02-03 09:00:00,4891.06,43.93,2.99,3124.9,0
2024-02-03 09:05:00,2716.67,40.97,1.23,2682.4,0
2024-02-03 09:10:00,3195.09,38.08,3.4,2889.5,0
2024-02-03 09:15:00,888.09,38.25,3.15,212.5,0
2024-02-03 09:20:00,3769.43,85.11,2.06,1075.8,0
2024-02-03 09:25:00,1333.08,70.95,2.63,3631.7,0
2024-02-03 09:30:00,988.21,52.99,1.59,2516.3,0
2024-02-03 09:35:00,573.48,75.3,1.48,2575.8,0
2024-02-03 09:40:00,4680.64,43.81,4.59,3469.9,0
2024-02-03 09:45:00,2576.67,67.68,2.98,3501.4,0
2024-02-03 09:50:00,550.45,59.09,4.95,1117.9,1
2024-02-03 09:55:00,885.48,33.15,0.48,3701.6,0
2024-02-03 10:00:00,4492.82,59.67,1.36,4647.7,0
2024-02-03 10:05:00,1544.65,31.53,2.91,4037.4,0
2024-02-03 10:10:00,4596.4,81.12,3.08,3150.3,0
2024-02-03 10:15:00,2965.26,71.09,2.73,3638.3,0
2024-02-03 10:20:00,2673.01,56.78,3.09,2148.3,0
2024-02-03 10:25:00,1365.53,62.76,0.92,4230.5,0
2024-02-03 10:30:00,4578.64,53.23,2.94,3853.0,0
2024-02-03 10:35:00,1958.01,36.76,1.48,1027.5,0
2024-02-03 10:40:00,3632.48,76.3,0.63,3591.7,0
2024-02-03 10:45:00,3144.82,62.82,3.85,1578.1,0
2024-02-03 10:50:00,2545.94,31.1,0.77,1585.8,0
2024-02-03 10:55:00,4168.11,33.78,4.81,145.2,1
2024-02-03 11:00:00,4310.71,42.16,4.02,4432.5,0
2024-02-03 11:05:00,4929.51,41.18,4.81,3091.0,1
2024-02-03 11:10:00,2206.13,46.36,0.71,172.2,0
2024-02-03 11:15:00,1416.07,62.09,2.73,3515.9,0
2024-02-03 11:20:00,2523.23,82.91,0.49,1539.6,0
2024-02-03 11:25:00,3752.8,43.98,2.58,4797.4,0
2024-02-03 11:30:00,3995.52,51.86,4.36,2872.3,0
2024-02-03 11:35:00,581.14,36.29,0.76,1252.1,0
2024-02-03 11:40:00,998.34,32.04,3.84,3852.4,0
2024-02-03 11:45:00,3123.93,84.5,4.81,2993.5,1
2024-02-03 11:50:00,3500.42,57.36,4.69,3089.8,1
2024-02-03 11:55:00,4932.38,70.88,2.83,3768.2,0
2024-02-03 12:00:00,3088.29,63.68,2.06,1029.1,0
2024-02-03 12:05:00,3470.41,62.06,4.79,1932.1,1
2024-02-03 12:10:00,4575.61,64.6,0.29,3695.6,0
2024-02-03 12:15:00,2948.67,75.91,3.57,4140.2,0
2024-02-03 12:20:00,4110.83,77.49,3.38,1635.3,0
2024-02-03 12:25:00,1452.02,50.84,3.28,2538.4,0
2024-02-03 12:30:00,2433.51,40.82,4.12,4622.0,0
2024-02-03 12:35:00,1800.66,36.8,4.51,4410.3,1
2024-02-03 12:40:00,2554.78,81.35,4.1,2499.3,0
2024-02-03 12:45:00,2723.23,87.45,4.23,1724.7,1
2024-02-03 12:50:00,3609.13,69.18,1.79,2527.0,0
2024-02-03 12:55:00,1186.65,81.05,1.51,1005.8,0
2024-02-03 13:00:00,891.45,83.4,2.73,4198.3,0
2024-02-03 13:05:00,2859.71,56.46,0.55,138.8,0
2024-02-03 13:10:00,4488.29,86.14,2.12,3115.5,1
2024-02-03 13:15:00,3813.63,35.55,0.63,3375.2,0
2024-02-03 13:20:00,636.79,50.41,2.98,2552.9,0
2024-02-03 13:25:00,2742.4,76.11,0.34,440.2,0
2024-02-03 13:30:00,1659.31,35.23,1.61,388.2,0
2024-02-03 13:35:00,2084.53,55.13,2.6,3090.6,0
2024-02-03 13:40:00,1936.44,60.1,4.3,531.9,0
2024-02-03 13:45:00,2154.44,69.66,2.28,754.0,0
2024-02-03 13:50:00,4558.1,54.45,4.1,951.2,0
2024-02-03 13:55:00,1275.81,30.18,1.93,3089.8,0
2024-02-03 14:00:00,2312.94,67.7,0.43,1196.3,0
2024-02-03 14:05:00,4487.8,44.15,4.74,4310.3,1
2024-02-03 14:10:00,3390.08,31.15,0.88,3960.0,0
2024-02-03 14:15:00,4996.91,77.1,2.39,459.9,0
2024-02-03 14:20:00,4234.75,53.77,4.78,1961.6,1
2024-02-03 14:25:00,4097.59,38.73,0.75,4886.1,0
2024-02-03 14:30:00,4990.19,69.75,1.91,4906.9,0
2024-02-03 14:35:00,2339.04,35.06,4.42,2778.2,0
2024-02-03 14:40:00,4509.69,53.23,3.81,4782.6,0
2024-02-03 14:45:00,3508.8,57.66,1.89,106.0,0
2024-02-03 14:50:00,2599.88,42.67,2.59,4695.8,0
2024-02-03 14:55:00,3354.16,31.68,3.1,598.4,0
2024-02-03 15:00:00,2832.63,74.74,0.31,2149.0,0
2024-02-03 15:05:00,968.56,84.01,0.75,3390.3,0
2024-02-03 15:10:00,809.85,73.25,1.48,152.0,0
2024-02-03 15:15:00,2762.28,30.66,0.22,4780.0,0
2024-02-03 15:20:00,2217.4,88.52,4.61,635.3,0
2024-02-03 15:25:00,2611.16,77.62,3.21,1535.5,0
2024-02-03 15:30:00,2023.69,45.34,3.85,3913.2,0
2024-02-03 15:35:00,4673.49,82.5,1.25,2821.0,0
2024-02-03 15:40:00,2402.23,61.49,4.44,816.8,0
2024-02-03 15:45:00,1607.36,31.35,4.52,639.5,0
2024-02-03 15:50:00,2601.06,78.29,1.97,435.8,0
2024-02-03 15:55:00,4975.19,89.31,3.68,3695.6,1
2024-02-03 16:00:00,1597.58,74.3,4.88,2357.6,0
2024-02-03 16:05:00,4475.94,41.43,0.6,2133.9,0
2024-02-03 16:10:00,971.07,88.03,3.7,4095.6,1
2024-02-03 16:15:00,2273.15,31.11,0.36,751.3,0
2024-02-03 16:20:00,3911.48,53.49,2.22,538.5,0
2024-02-03 16:25:00,2051.72,53.49,1.98,317.0,0
2024-02-03 16:30:00,2594.16,87.02,2.25,4569.6,0
2024-02-03 16:35:00,3543.43,49.51,2.46,3595.2,0
2024-02-03 16:40:00,1821.25,32.2,1.47,1526.3,0
2024-02-03 16:45:00,3603.12,87.75,0.37,2045.5,1
2024-02-03 16:50:00,2833.04,53.26,0.67,1538.1,0
2024-02-03 16:55:00,4188.57,82.89,0.79,3433.5,0
2024-02-03 17:00:00,2041.31,67.29,0.59,3427.9,0
2024-02-03 17:05:00,2727.56,50.06,2.8,868.3,0
2024-02-03 17:10:00,4100.54,64.15,1.58,2255.5,0
2024-02-03 17:15:00,722.86,78.47,4.44,2027.7,0
2024-02-03 17:20:00,3765.34,51.73,4.33,1383.8,0
2024-02-03 17:25:00,1487.6,84.31,1.62,4321.6,0
2024-02-03 17:30:00,1458.76,59.89,3.3,3924.1,0
2024-02-03 17:35:00,2286.94,72.85,2.13,3590.6,0
2024-02-03 17:40:00,1355.12,53.8,0.49,896.2,0
2024-02-03 17:45:00,4023.21,57.6,4.29,4521.5,0
2024-02-03 17:50:00,4851.8,53.02,4.78,2838.4,0
2024-02-03 17:55:00,3027.74,48.93,2.17,1517.8,0
2024-02-03 18:00:00,3366.44,71.71,2.65,157.2,0
2024-02-03 18:05:00,1053.12,59.42,4.16,1682.1,0
2024-02-03 18:10:00,970.45,64.58,2.92,2877.8,0
2024-02-03 18:15:00,2692.91,32.96,4.69,1754.5,1
2024-02-03 18:20:00,2529.27,52.58,1.23,4295.8,0
2024-02-03 18:25:00,3569.9,61.25,2.82,1637.4,0
2024-02-03 18:30:00,4454.08,33.9,4.04,1083.2,0
2024-02-03 18:35:00,2385.14,49.32,1.71,658.5,0
2024-02-03 18:40:00,2851.38,57.52,1.98,3467.2,0
2024-02-03 18:45:00,2103.58,32.46,3.49,190.3,0
2024-02-03 18:50:00,1807.3,48.53,3.32,3177.9,0
2024-02-03 18:55:00,1176.39,89.19,4.46,4805.3,1
2024-02-03 19:00:00,1612.93,51.92,1.62,3625.6,0
2024-02-03 19:05:00,2584.79,45.12,4.35,4940.6,0
2024-02-03 19:10:00,1452.97,64.77,3.81,3819.5,0
2024-02-03 19:15:00,694.71,84.51,4.37,4893.1,0
2024-02-03 19:20:00,1887.34,61.29,2.09,596.4,0
2024-02-03 19:25:00,4846.36,46.72,0.75,3890.6,0
2024-02-03 19:30:00,2477.61,47.45,4.84,124.4,1
2024-02-03 19:35:00,3811.19,46.87,1.35,1533.1,0
2024-02-03 19:40:00,1851.28,66.05,3.56,375.3,0
2024-02-03 19:45:00,3995.97,83.38,2.22,3887.8,0
2024-02-03 19:50:00,1568.92,42.01,0.34,2684.2,0
2024-02-03 19:55:00,2375.46,30.24,3.56,3604.3,0
2024-02-03 20:00:00,4676.63,32.06,0.98,4180.0,0
2024-02-03 20:05:00,3242.0,46.68,1.53,3448.5,0
2024-02-03 20:10:00,3108.67,31.41,0.47,724.0,0
2024-02-03 20:15:00,4909.7,35.25,0.53,2036.2,0
2024-02-03 20:20:00,1261.7,66.72,1.14,4750.8,0
2024-02-03 20:25:00,2035.36,76.13,0.26,2457.9,0
2024-02-03 20:30:00,4008.06,31.16,4.64,4737.0,1
2024-02-03 20:35:00,2131.4,64.19,1.66,2414.5,0
2024-02-03 20:40:00,2697.94,30.48,1.93,423.2,0
2024-02-03 20:45:00,4553.81,40.77,2.62,2989.1,0
2024-02-03 20:50:00,4970.62,77.76,0.45,1014.9,0
2024-02-03 20:55:00,3037.72,59.17,2.72,1526.5,0
2024-02-03 21:00:00,557.99,50.85,0.73,1489.9,0
2024-02-03 21:05:00,3650.69,71.04,4.84,3614.6,0
2024-02-03 21:10:00,4498.6,49.53,2.16,3049.6,0
2024-02-03 21:15:00,3403.28,61.13,4.14,2325.4,0
2024-02-03 21:20:00,1349.72,49.6,3.09,2342.7,0
2024-02-03 21:25:00,3942.89,38.96,2.71,2176.2,0
2024-02-03 21:30:00,1411.27,44.61,0.59,4100.8,0
2024-02-03 21:35:00,3406.23,67.47,0.39,4927.4,0
2024-02-03 21:40:00,3937.92,42.93,4.98,3744.2,0
2024-02-03 21:45:00,3146.99,74.14,4.95,4671.3,1
2024-02-03 21:50:00,1259.81,84.7,4.14,2636.5,0
2024-02-03 21:55:00,2932.84,30.38,1.44,521.0,0
2024-02-03 22:00:00,2950.18,70.46,0.5,2893.0,0
2024-02-03 22:05:00,1043.49,87.68,2.1,1077.3,0
2024-02-03 22:10:00,2737.6,49.34,3.81,1578.5,0
2024-02-03 22:15:00,2341.26,39.42,2.22,4279.6,0
2024-02-03 22:20:00,4982.09,45.92,3.3,1360.5,0
2024-02-03 22:25:00,4239.5,35.74,4.82,2028.6,0
2024-02-03 22:30:00,4993.93,53.81,2.5,2484.2,0
2024-02-03 22:35:00,1670.01,72.28,0.33,3160.6,0
2024-02-03 22:40:00,1849.06,87.38,3.73,1998.8,1
2024-02-03 22:45:00,960.46,61.24,2.13,2061.5,0
2024-02-03 22:50:00,1437.64,67.69,2.4,425.3,0
2024-02-03 22:55:00,3952.64,47.43,2.77,1073.6,0
2024-02-03 23:00:00,2930.7,64.82,1.27,2977.2,0
2024-02-03 23:05:00,4217.05,47.92,0.78,4856.6,0
2024-02-03 23:10:00,833.59,64.48,3.54,2199.5,0
2024-02-03 23:15:00,3063.67,68.07,1.13,945.5,0
2024-02-03 23:20:00,1665.08,35.47,2.53,1394.1,0
2024-02-03 23:25:00,3549.21,54.42,3.75,3028.6,0
2024-02-03 23:30:00,1967.43,60.13,3.21,3638.9,0
2024-02-03 23:35:00,4863.07,48.04,3.49,783.2,0
2024-02-03 23:40:00,3826.49,30.34,4.56,2515.4,1
2024-02-03 23:45:00,1470.77,76.95,2.65,3195.8,0
2024-02-03 23:50:00,681.35,67.69,0.71,3565.2,0
2024-02-03 23:55:00,2618.87,67.49,0.43,2496.7,0
2024-02-04 00:00:00,3716.05,64.46,3.16,4742.8,0
2024-02-04 00:05:00,4903.03,47.51,2.18,2126.5,0
2024-02-04 00:10:00,1045.33,56.75,1.06,4660.6,0
2024-02-04 00:15:00,3674.83,41.43,0.62,3706.2,0
2024-02-04 00:20:00,1371.6,56.49,3.18,3267.0,0
2024-02-04 00:25:00,2931.54,33.54,2.31,3451.3,0
2024-02-04 00:30:00,539.07,73.8,2.95,3055.7,0
2024-02-04 00:35:00,2109.2,38.65,4.66,2572.9,1
2024-02-04 00:40:00,4966.36,80.03,0.28,2483.7,0
2024-02-04 00:45:00,3635.13,45.06,3.36,4824.3,0
2024-02-04 00:50:00,2886.59,89.49,3.89,1087.4,1
2024-02-04 00:55:00,1299.38,82.39,4.04,888.8,0
2024-02-04 01:00:00,4546.07,45.81,1.78,3693.0,0
2024-02-04 01:05:00,3599.4,76.3,4.76,2065.9,0
2024-02-04 01:10:00,4673.59,64.81,2.99,4020.9,0
2024-02-04 01:15:00,673.71,70.46,0.59,4360.8,0
2024-02-04 01:20:00,2417.9,80.69,4.58,1123.2,0
2024-02-04 01:25:00,4837.03,45.56,4.75,125.3,0
2024-02-04 01:30:00,3502.69,69.18,2.56,4414.2,0
2024-02-04 01:35:00,2336.0,37.48,3.19,3552.2,0
2024-02-04 01:40:00,3823.04,35.73,3.19,4515.4,0
2024-02-04 01:45:00,2994.55,41.06,0.29,1075.8,0
2024-02-04 01:50:00,555.03,75.44,1.25,1686.2,0
2024-02-04 01:55:00,3957.02,80.29,2.78,106.7,0
2024-02-04 02:00:00,2508.47,86.85,2.0,4694.4,1
2024-02-04 02:05:00,3531.09,65.86,3.98,4101.6,0
2024-02-04 02:10:00,1060.44,84.92,2.98,3557.6,0
2024-02-04 02:15:00,4756.49,70.99,1.69,1787.8,0
2024-02-04 02:20:00,4388.14,54.53,3.27,177.4,0
2024-02-04 02:25:00,3037.41,54.47,3.64,1167.9,0
2024-02-04 02:30:00,944.89,67.07,0.62,2118.8,0
2024-02-04 02:35:00,4434.41,65.13,3.16,2675.4,0
2024-02-04 02:40:00,587.76,57.38,0.6,4871.9,0
2024-02-04 02:45:00,879.46,56.92,4.89,4846.1,0
2024-02-04 02:50:00,1070.39,65.2,4.96,1203.5,0
2024-02-04 02:55:00,4374.91,58.44,3.28,4478.2,0
2024-02-04 03:00:00,3816.88,80.02,1.01,4640.3,0
2024-02-04 03:05:00,591.57,69.06,1.22,3000.7,0
2024-02-04 03:10:00,2708.35,47.72,3.46,2673.1,0
2024-02-04 03:15:00,855.57,47.09,3.58,3027.9,0
2024-02-04 03:20:00,1799.57,52.54,2.98,2137.9,0
2024-02-04 03:25:00,4171.39,60.33,2.16,1440.5,0
2024-02-04 03:30:00,987.37,86.55,3.6,796.5,1
2024-02-04 03:35:00,4767.63,52.85,1.16,4392.1,0
2024-02-04 03:40:00,3372.84,46.81,4.78,3496.2,0
2024-02-04 03:45:00,4115.71,74.31,0.3,4784.4,0
2024-02-04 03:50:00,788.07,85.65,2.67,3141.6,1
2024-02-04 03:55:00,2656.5,66.9,0.75,3145.2,0
2024-02-04 04:00:00,4463.19,38.28,1.56,3656.3,0
2024-02-04 04:05:00,4714.64,52.54,4.84,2883.8,0
2024-02-04 04:10:00,1370.35,73.36,4.87,746.1,1
2024-02-04 04:15:00,3056.72,70.53,0.71,3250.9,0
2024-02-04 04:20:00,2250.15,32.41,4.49,1158.9,0
2024-02-04 04:25:00,3172.76,34.56,2.77,1174.0,0
2024-02-04 04:30:00,4705.76,65.96,0.52,3660.1,0
2024-02-04 04:35:00,866.38,59.43,3.91,4137.2,0
2024-02-04 04:40:00,4169.26,58.69,1.63,111.6,0
2024-02-04 04:45:00,3172.85,87.87,3.8,1659.1,0
2024-02-04 04:50:00,911.15,86.2,3.86,4138.9,0
2024-02-04 04:55:00,3079.83,64.03,1.88,1556.9,0
2024-02-04 05:00:00,2728.59,81.81,2.4,702.8,0
2024-02-04 05:05:00,2552.68,36.72,2.44,1415.6,0
2024-02-04 05:10:00,1075.03,77.86,4.25,1024.2,0
2024-02-04 05:15:00,2552.88,52.66,1.79,129.6,0
2024-02-04 05:20:00,3550.73,44.96,3.32,2765.1,0
2024-02-04 05:25:00,645.36,65.39,4.08,3304.6,0
2024-02-04 05:30:00,1282.5,32.96,3.78,3956.7,0
2024-02-04 05:35:00,714.28,68.71,3.82,4865.5,0
2024-02-04 05:40:00,3677.62,43.01,0.77,4280.1,0
2024-02-04 05:45:00,1297.95,65.94,3.13,3681.0,0
2024-02-04 05:50:00,3017.74,75.53,2.01,3469.2,0
2024-02-04 05:55:00,4200.22,36.01,3.73,1134.7,0
2024-02-04 06:00:00,1216.43,38.79,1.33,1537.7,0
2024-02-04 06:05:00,3284.56,46.19,4.58,3864.8,1
2024-02-04 06:10:00,731.96,39.83,2.67,4937.6,0
2024-02-04 06:15:00,2223.19,49.65,4.3,3914.3,0
2024-02-04 06:20:00,3137.43,88.92,1.86,1401.3,1
2024-02-04 06:25:00,2889.59,53.48,1.98,2544.5,0
2024-02-04 06:30:00,4200.71,41.72,3.69,2548.6,0
2024-02-04 06:35:00,1110.12,84.45,3.53,4862.2,0
2024-02-04 06:40:00,637.6,31.7,4.4,4326.3,0
2024-02-04 06:45:00,3366.38,41.76,1.36,4865.7,0
2024-02-04 06:50:00,4527.72,54.95,4.73,2026.9,1
2024-02-04 06:55:00,4751.03,81.99,0.86,2954.9,0
2024-02-04 07:00:00,4656.71,80.03,3.0,2195.6,0
2024-02-04 07:05:00,1906.98,33.41,3.83,1964.0,0
2024-02-04 07:10:00,3098.16,48.78,1.31,3227.5,0
2024-02-04 07:15:00,1817.99,82.71,2.64,1643.8,0
2024-02-04 07:20:00,2472.77,59.43,1.87,3365.0,0
2024-02-04 07:25:00,1565.5,49.82,4.76,1103.9,0
2024-02-04 07:30:00,2237.47,39.81,4.14,143.3,0
2024-02-04 07:35:00,3821.79,85.5,0.77,180.2,0
2024-02-04 07:40:00,3199.73,74.31,4.33,4741.7,0
2024-02-04 07:45:00,1993.22,69.23,2.61,1622.5,0
2024-02-04 07:50:00,826.71,78.65,3.28,2247.5,0
2024-02-04 07:55:00,1318.86,44.48,1.2,3829.3,0
2024-02-04 08:00:00,1365.09,78.05,4.74,178.4,0
2024-02-04 08:05:00,1978.88,33.84,3.27,2285.5,0
2024-02-04 08:10:00,1174.71,42.98,4.16,4982.9,0
2024-02-04 08:15:00,2339.47,78.08,2.01,4268.0,0
2024-02-04 08:20:00,1494.4,85.63,1.06,697.5,1
2024-02-04 08:25:00,2080.04,55.45,4.17,2917.8,0
2024-02-04 08:30:00,1853.51,79.22,2.77,2654.3,0
2024-02-04 08:35:00,1046.84,58.76,2.51,2289.8,0
2024-02-04 08:40:00,4243.62,45.03,1.61,961.1,0
2024-02-04 08:45:00,3797.15,76.19,1.05,2380.7,0
2024-02-04 08:50:00,3158.79,71.66,2.15,4326.8,0
2024-02-04 08:55:00,1829.63,86.95,0.29,1738.9,0
2024-02-04 09:00:00,1377.29,81.56,1.24,641.3,0
2024-02-04 09:05:00,2687.88,71.5,3.35,4292.7,0
2024-02-04 09:10:00,2930.73,81.49,0.5,3291.7,0
2024-02-04 09:15:00,1871.11,56.05,1.97,168.3,0
2024-02-04 09:20:00,3193.58,60.88,0.64,3265.7,0
2024-02-04 09:25:00,3424.67,30.59,2.98,2003.1,0
2024-02-04 09:30:00,942.58,51.87,2.61,2055.3,0
2024-02-04 09:35:00,1722.93,65.82,4.29,4661.7,0
2024-02-04 09:40:00,2136.47,63.04,1.11,2336.3,0
2024-02-04 09:45:00,3267.0,44.94,3.12,3877.5,0
2024-02-04 09:50:00,1549.43,52.08,2.02,4961.5,0
2024-02-04 09:55:00,1188.06,79.59,3.28,786.4,0
2024-02-04 10:00:00,4476.21,66.83,4.21,4306.0,0
2024-02-04 10:05:00,3210.82,55.49,4.83,1298.7,1
2024-02-04 10:10:00,641.37,42.03,4.62,1827.1,1
2024-02-04 10:15:00,3966.01,36.31,3.15,1497.0,0
2024-02-04 10:20:00,2594.23,64.62,3.43,3490.5,0
2024-02-04 10:25:00,1705.96,52.56,4.41,4971.0,0
2024-02-04 10:30:00,1750.86,46.19,3.85,4215.4,0
2024-02-04 10:35:00,581.45,68.09,1.45,2463.9,0
2024-02-04 10:40:00,2552.96,75.2,3.02,1347.2,0
2024-02-04 10:45:00,2920.4,51.16,2.85,3393.2,0
2024-02-04 10:50:00,2932.96,74.67,2.01,3262.7,0
2024-02-04 10:55:00,1808.0,33.89,2.2,4669.8,0
2024-02-04 11:00:00,4837.16,78.52,3.19,2587.1,0
2024-02-04 11:05:00,4988.55,89.28,4.95,1872.9,0
2024-02-04 11:10:00,1647.34,71.56,0.25,3670.2,0
2024-02-04 11:15:00,2166.22,44.9,1.27,4519.2,0
2024-02-04 11:20:00,2877.47,56.21,2.74,102.6,0
2024-02-04 11:25:00,937.79,34.7,2.06,4067.6,0
2024-02-04 11:30:00,2701.94,59.56,0.25,1977.8,0
2024-02-04 11:35:00,3640.38,83.65,0.26,3584.7,0
2024-02-04 11:40:00,4755.28,84.21,3.41,479.4,0
2024-02-04 11:45:00,1932.75,70.06,4.14,1382.1,0
2024-02-04 11:50:00,4489.66,88.15,0.41,300.3,0
2024-02-04 11:55:00,4315.72,44.64,1.67,142.5,0
2024-02-04 12:00:00,1305.53,68.83,4.39,4193.3,0
2024-02-04 12:05:00,3222.17,70.28,4.82,1167.4,1
2024-02-04 12:10:00,3684.64,45.57,2.01,3851.3,0
2024-02-04 12:15:00,3262.0,38.44,4.3,723.9,0
2024-02-04 12:20:00,1905.07,34.38,2.21,1757.1,0
2024-02-04 12:25:00,3571.19,45.2,2.7,1696.6,0
2024-02-04 12:30:00,4279.61,65.34,1.48,1081.7,0
2024-02-04 12:35:00,4442.26,55.43,3.6,1480.5,0
2024-02-04 12:40:00,2947.66,34.36,3.23,2898.1,0
2024-02-04 12:45:00,4960.64,72.59,4.07,446.5,0
2024-02-04 12:50:00,2610.58,77.36,3.63,2363.9,0
2024-02-04 12:55:00,2703.28,48.54,4.03,3641.1,0
2024-02-04 13:00:00,2160.93,34.01,4.3,1047.5,0
2024-02-04 13:05:00,4013.34,76.83,1.18,3785.6,0
2024-02-04 13:10:00,1045.14,74.09,4.19,2088.7,0
2024-02-04 13:15:00,2490.19,66.75,2.09,4997.3,0
2024-02-04 13:20:00,1361.26,89.15,3.88,3599.6,0
2024-02-04 13:25:00,3562.92,79.63,0.96,2855.5,0
2024-02-04 13:30:00,3493.65,59.11,0.51,2300.1,0
2024-02-04 13:35:00,3853.69,31.06,1.27,604.2,0
2024-02-04 13:40:00,2238.01,71.15,1.41,1421.5,0
2024-02-04 13:45:00,1234.18,79.72,2.26,2292.6,0
2024-02-04 13:50:00,1916.74,38.39,2.51,372.0,0
2024-02-04 13:55:00,4075.31,86.54,2.33,601.7,0
2024-02-04 14:00:00,1436.36,66.04,1.27,1992.4,0
2024-02-04 14:05:00,1378.3,81.38,3.91,3648.1,0
2024-02-04 14:10:00,1711.66,76.17,3.62,2805.6,0
2024-02-04 14:15:00,697.58,61.17,3.02,4283.6,0
2024-02-04 14:20:00,1230.0,72.32,3.41,3331.8,0
2024-02-04 14:25:00,3979.63,88.02,4.77,1198.5,0
2024-02-04 14:30:00,4670.04,80.48,3.14,3696.4,0
2024-02-04 14:35:00,3316.14,35.37,3.3,621.3,0
2024-02-04 14:40:00,4855.5,87.39,2.09,3128.2,0
2024-02-04 14:45:00,3366.0,76.55,0.95,4525.5,0
2024-02-04 14:50:00,713.05,75.31,1.69,4796.9,0
2024-02-04 14:55:00,849.66,83.45,3.13,2924.3,0
2024-02-04 15:00:00,1357.55,34.16,0.27,649.4,0
2024-02-04 15:05:00,728.69,76.28,1.11,4017.7,0
2024-02-04 15:10:00,3920.2,88.55,2.83,3682.4,0
2024-02-04 15:15:00,4276.09,68.69,3.43,2631.7,0
2024-02-04 15:20:00,2734.32,32.07,2.07,3923.9,0
2024-02-04 15:25:00,2622.01,54.89,4.07,1123.5,0
2024-02-04 15:30:00,1094.12,33.32,2.79,4992.3,0
2024-02-04 15:35:00,4341.93,64.85,2.88,2335.8,0
2024-02-04 15:40:00,2835.68,55.78,1.74,923.0,0
2024-02-04 15:45:00,4374.89,78.23,2.27,2169.9,0
2024-02-04 15:50:00,568.97,58.04,4.15,1418.9,0
2024-02-04 15:55:00,4443.14,61.14,0.22,418.4,0
2024-02-04 16:00:00,2570.15,85.93,3.63,517.2,0
2024-02-04 16:05:00,3538.72,37.57,2.96,2608.2,0
2024-02-04 16:10:00,2886.64,59.97,2.68,4476.3,0
2024-02-04 16:15:00,3865.03,58.74,2.43,1360.7,0
2024-02-04 16:20:00,4062.48,38.94,4.01,4541.8,0
2024-02-04 16:25:00,4853.09,44.74,1.35,758.1,0
2024-02-04 16:30:00,1806.16,71.31,2.85,4232.7,0
2024-02-04 16:35:00,1664.56,63.17,3.83,1034.5,0
2024-02-04 16:40:00,2234.23,80.25,2.55,2817.4,0
2024-02-04 16:45:00,1979.91,39.52,3.77,881.0,0
2024-02-04 16:50:00,2711.81,53.41,0.27,1156.3,0
2024-02-04 16:55:00,2618.85,77.07,1.2,3557.3,0
2024-02-04 17:00:00,1681.46,42.35,0.55,1823.8,0
2024-02-04 17:05:00,1607.9,45.46,4.03,4161.5,0
2024-02-04 17:10:00,1317.22,88.44,1.12,4979.2,1
2024-02-04 17:15:00,514.17,71.17,2.26,4072.9,0
2024-02-04 17:20:00,1891.05,77.23,0.79,1894.7,0
2024-02-04 17:25:00,4453.72,73.94,1.82,424.5,0
2024-02-04 17:30:00,3504.42,66.67,0.67,2703.1,0
2024-02-04 17:35:00,4354.86,54.26,0.62,2858.2,0
2024-02-04 17:40:00,2636.03,41.84,4.62,346.4,0
2024-02-04 17:45:00,2410.86,51.42,4.5,4874.5,0
2024-02-04 17:50:00,4068.68,56.76,1.73,1222.2,0
2024-02-04 17:55:00,1751.17,53.12,3.58,1828.7,0
2024-02-04 18:00:00,1276.26,82.08,2.76,4079.1,0
2024-02-04 18:05:00,2847.24,62.43,4.83,4660.0,1
2024-02-04 18:10:00,1903.98,68.93,3.8,679.3,0
2024-02-04 18:15:00,3872.25,71.46,4.0,4480.7,0
2024-02-04 18:20:00,3100.82,57.83,3.22,2938.1,0
2024-02-04 18:25:00,2237.83,83.76,0.94,3423.1,0
2024-02-04 18:30:00,1384.23,73.34,4.56,3894.1,0
2024-02-04 18:35:00,2340.98,70.29,0.53,588.2,0
2024-02-04 18:40:00,2739.5,49.87,1.93,2816.7,0
2024-02-04 18:45:00,4507.66,88.0,2.26,1101.4,0
2024-02-04 18:50:00,3552.12,38.52,4.0,2771.0,0
2024-02-04 18:55:00,4767.21,50.29,3.79,4231.8,0
2024-02-04 19:00:00,1115.14,59.32,3.47,4077.9,0
2024-02-04 19:05:00,4908.25,32.68,2.45,3459.1,0
2024-02-04 19:10:00,2044.76,53.91,4.61,1906.4,0
2024-02-04 19:15:00,1793.61,49.79,1.31,2440.9,0
2024-02-04 19:20:00,3777.36,68.24,1.02,2292.9,0
2024-02-04 19:25:00,4649.67,81.22,2.72,3421.3,0
2024-02-04 19:30:00,4505.93,44.37,1.46,118.1,0
2024-02-04 19:35:00,2354.38,34.24,0.74,2309.1,0
2024-02-04 19:40:00,881.48,66.78,1.42,3728.3,0
2024-02-04 19:45:00,4937.29,65.61,0.85,518.0,0
2024-02-04 19:50:00,4963.9,71.39,3.57,3908.9,0
2024-02-04 19:55:00,4422.72,82.91,3.61,4535.1,0
2024-02-04 20:00:00,1672.05,52.41,0.43,1851.5,0
2024-02-04 20:05:00,4290.74,69.05,4.77,663.6,0
2024-02-04 20:10:00,3420.56,43.25,1.4,3938.8,0
2024-02-04 20:15:00,1397.55,82.46,2.63,1470.5,0
2024-02-04 20:20:00,3394.19,87.92,2.81,1949.9,1
2024-02-04 20:25:00,2680.41,87.99,3.61,3716.2,0
2024-02-04 20:30:00,4653.55,68.46,1.44,4851.4,0
2024-02-04 20:35:00,3677.61,40.71,2.2,1487.9,0
2024-02-04 20:40:00,2300.51,88.33,2.04,3852.0,0
2024-02-04 20:45:00,3008.67,52.55,2.5,1879.7,0
2024-02-04 20:50:00,4166.03,63.97,2.22,1361.9,0
2024-02-04 20:55:00,793.48,74.67,3.34,3292.5,0
2024-02-04 21:00:00,2794.92,79.05,4.48,817.1,0
2024-02-04 21:05:00,1971.11,46.96,1.2,2312.4,0
2024-02-04 21:10:00,1749.56,86.33,1.76,4907.6,1
2024-02-04 21:15:00,756.37,86.34,3.41,3725.7,1
2024-02-04 21:20:00,4536.07,73.98,3.67,4556.9,0
2024-02-04 21:25:00,1502.28,69.28,0.76,759.0,0
2024-02-04 21:30:00,3789.66,81.74,0.53,4572.1,0
2024-02-04 21:35:00,1907.93,42.05,1.9,4897.2,0
2024-02-04 21:40:00,880.84,42.5,3.97,4154.9,0
2024-02-04 21:45:00,2902.85,30.42,1.49,4937.3,0
2024-02-04 21:50:00,3698.81,85.27,1.09,2672.8,0
2024-02-04 21:55:00,554.58,51.33,4.73,529.1,0
2024-02-04 22:00:00,1390.89,32.5,0.21,262.8,0
2024-02-04 22:05:00,980.61,53.12,0.96,4828.7,0
2024-02-04 22:10:00,4293.7,65.14,2.78,262.7,0
2024-02-04 22:15:00,3250.7,82.29,4.09,2242.8,0
2024-02-04 22:20:00,1507.11,70.97,4.92,3603.1,0
2024-02-04 22:25:00,1612.48,83.15,3.37,3406.7,0
2024-02-04 22:30:00,4806.78,83.23,2.42,3370.4,0
2024-02-04 22:35:00,2677.11,85.3,0.23,1323.1,1
2024-02-04 22:40:00,3542.54,42.41,2.92,2989.8,0
2024-02-04 22:45:00,3620.24,56.07,4.18,990.8,0
2024-02-04 22:50:00,547.45,30.1,3.45,472.1,0
2024-02-04 22:55:00,1147.97,70.16,2.06,2548.5,0
2024-02-04 23:00:00,2368.06,77.15,2.94,4070.7,0
2024-02-04 23:05:00,2297.17,67.78,2.78,2462.5,0
2024-02-04 23:10:00,563.12,55.9,4.05,2168.7,0
2024-02-04 23:15:00,4365.05,70.23,3.51,1510.7,0
2024-02-04 23:20:00,4994.68,31.88,3.04,4231.1,0
2024-02-04 23:25:00,2545.54,47.75,4.88,2993.4,0
2024-02-04 23:30:00,537.22,47.67,4.73,3881.5,0
2024-02-04 23:35:00,2694.36,57.99,0.56,3819.6,0
2024-02-04 23:40:00,1280.39,48.93,1.5,4770.2,0
2024-02-04 23:45:00,2473.72,79.55,0.71,3251.6,0
2024-02-04 23:50:00,880.49,74.22,2.84,2462.3,0
2024-02-04 23:55:00,961.32,35.29,1.4,612.0,0
2024-02-05 00:00:00,1762.55,84.71,0.27,4088.6,0
2024-02-05 00:05:00,4730.28,86.87,3.51,372.8,0
2024-02-05 00:10:00,805.8,76.14,0.43,2109.6,0
2024-02-05 00:15:00,764.35,46.94,1.0,3994.4,0
2024-02-05 00:20:00,3193.53,47.94,4.95,2561.1,0
2024-02-05 00:25:00,3380.36,74.2,4.85,601.4,0
2024-02-05 00:30:00,2313.79,47.47,4.84,4421.9,1
2024-02-05 00:35:00,3732.53,74.68,0.6,2300.0,0
2024-02-05 00:40:00,3140.32,34.22,3.44,793.5,0
2024-02-05 00:45:00,1355.89,45.08,4.94,1746.7,1
2024-02-05 00:50:00,2341.99,34.35,2.38,961.9,0
2024-02-05 00:55:00,1409.2,81.04,2.46,600.6,0
2024-02-05 01:00:00,2233.48,84.71,2.08,3971.8,0
2024-02-05 01:05:00,1068.55,52.16,3.42,1117.5,0
2024-02-05 01:10:00,2105.62,71.36,0.64,273.0,0
2024-02-05 01:15:00,2493.48,42.38,0.46,4533.5,0
2024-02-05 01:20:00,940.59,72.14,0.92,2992.9,0
2024-02-05 01:25:00,2943.65,54.28,4.25,1286.1,0
2024-02-05 01:30:00,3426.17,61.85,3.92,1442.8,0
2024-02-05 01:35:00,4635.72,78.12,3.4,3697.3,0
2024-02-05 01:40:00,3747.59,61.04,2.93,4066.7,0
2024-02-05 01:45:00,4187.52,55.44,2.75,2607.4,0
2024-02-05 01:50:00,2202.11,31.85,4.23,1093.2,0
2024-02-05 01:55:00,3540.65,77.97,1.65,4554.1,0
2024-02-05 02:00:00,890.04,43.24,1.76,1160.9,0
2024-02-05 02:05:00,4620.18,42.8,2.96,1878.0,0
2024-02-05 02:10:00,4233.08,83.61,2.31,2638.7,0
2024-02-05 02:15:00,4286.44,42.81,4.66,2820.2,0
2024-02-05 02:20:00,1616.61,49.81,3.55,2119.7,0
2024-02-05 02:25:00,3432.35,70.76,4.62,790.8,0
2024-02-05 02:30:00,3452.95,41.6,0.37,1960.8,0
2024-02-05 02:35:00,2026.25,75.24,3.06,4093.2,0
2024-02-05 02:40:00,4354.4,58.59,0.44,2474.0,0
2024-02-05 02:45:00,4430.04,51.16,3.44,1238.6,0
2024-02-05 02:50:00,3743.62,41.38,0.58,2757.3,0
2024-02-05 02:55:00,1158.01,45.37,2.8,2218.1,0
2024-02-05 03:00:00,4810.89,71.16,4.87,977.2,1
2024-02-05 03:05:00,3233.61,33.03,3.16,4875.2,0
2024-02-05 03:10:00,1468.24,48.02,1.52,1588.9,0
2024-02-05 03:15:00,1765.83,35.81,2.0,296.0,0
2024-02-05 03:20:00,2500.47,43.16,2.2,3152.5,0
2024-02-05 03:25:00,1873.4,72.56,1.64,2269.1,0
2024-02-05 03:30:00,4873.9,81.19,2.59,2620.6,0
2024-02-05 03:35:00,3173.69,41.06,2.65,1499.8,0
2024-02-05 03:40:00,1958.9,44.43,3.04,3921.7,0
2024-02-05 03:45:00,1076.57,48.82,2.14,3671.4,0
2024-02-05 03:50:00,3210.52,31.08,0.37,2827.3,0
2024-02-05 03:55:00,2872.55,55.88,4.28,1977.6,0
2024-02-05 04:00:00,2319.49,59.35,1.11,466.4,0
2024-02-05 04:05:00,4008.65,74.35,4.4,2955.7,0
2024-02-05 04:10:00,522.08,42.91,2.28,500.0,0
2024-02-05 04:15:00,2641.32,37.76,0.33,4848.7,0
2024-02-05 04:20:00,4494.86,71.77,4.11,3247.4,0
2024-02-05 04:25:00,3820.67,30.3,2.5,2196.1,0
2024-02-05 04:30:00,4867.98,84.74,1.7,2389.8,0
2024-02-05 04:35:00,4329.54,41.64,0.68,450.3,0
2024-02-05 04:40:00,3642.52,73.85,4.71,1061.1,0
2024-02-05 04:45:00,3204.58,50.66,4.22,4161.8,0
2024-02-05 04:50:00,2801.2,78.35,4.46,4621.7,0
2024-02-05 04:55:00,2743.8,44.28,3.6,4190.4,0
2024-02-05 05:00:00,3394.64,87.69,2.46,4340.4,0
2024-02-05 05:05:00,4507.43,73.37,1.61,144.2,0
2024-02-05 05:10:00,4599.96,83.41,0.57,3766.6,0
2024-02-05 05:15:00,4949.23,89.94,1.86,4279.5,0
2024-02-05 05:20:00,2126.78,88.61,4.11,357.6,1
2024-02-05 05:25:00,1244.95,64.08,4.81,1075.5,1
2024-02-05 05:30:00,3690.0,80.94,2.38,1470.0,0
2024-02-05 05:35:00,4519.79,77.13,4.39,3649.2,0
2024-02-05 05:40:00,3440.24,32.85,4.69,1639.0,1
2024-02-05 05:45:00,2556.9,58.02,1.67,529.9,0
2024-02-05 05:50:00,3979.29,71.29,4.52,174.7,1
2024-02-05 05:55:00,2687.62,30.04,1.83,1055.6,0
2024-02-05 06:00:00,583.05,37.87,2.03,1725.4,0
2024-02-05 06:05:00,3217.62,75.45,2.06,2061.6,0
2024-02-05 06:10:00,1858.07,48.66,1.52,1768.7,0
2024-02-05 06:15:00,3270.77,58.99,4.35,1914.6,0
2024-02-05 06:20:00,615.29,56.67,1.22,2740.2,0
2024-02-05 06:25:00,4336.38,63.24,1.73,4542.9,0
2024-02-05 06:30:00,2841.78,59.7,1.72,3486.9,0
2024-02-05 06:35:00,3188.94,83.57,0.28,1431.6,0
2024-02-05 06:40:00,4863.23,85.66,4.44,2237.0,1
2024-02-05 06:45:00,605.99,60.11,1.57,3400.8,0
2024-02-05 06:50:00,3471.7,89.68,1.51,1224.3,0
2024-02-05 06:55:00,2046.87,50.29,0.42,4269.9,0
2024-02-05 07:00:00,2115.37,56.57,0.38,4642.6,0
2024-02-05 07:05:00,2723.37,46.25,1.49,4475.2,0
2024-02-05 07:10:00,3898.62,33.75,2.02,2036.8,0
2024-02-05 07:15:00,1028.03,40.04,0.23,3007.2,0
2024-02-05 07:20:00,3848.71,54.6,0.36,3406.4,0
2024-02-05 07:25:00,1179.97,63.59,4.93,188.7,0
2024-02-05 07:30:00,958.69,89.12,3.99,3278.7,0
2024-02-05 07:35:00,4253.6,36.6,4.42,4579.2,0
2024-02-05 07:40:00,3276.34,32.24,2.64,504.7,0
2024-02-05 07:45:00,2044.02,31.14,3.83,1702.1,0
2024-02-05 07:50:00,4652.47,40.48,2.29,2097.8,0
2024-02-05 07:55:00,4795.5,80.58,4.07,4588.6,0
2024-02-05 08:00:00,3571.57,54.95,2.68,3283.6,0
2024-02-05 08:05:00,4899.39,63.53,3.64,4877.4,0
2024-02-05 08:10:00,3157.26,44.75,1.67,1078.0,0
2024-02-05 08:15:00,1573.54,78.05,1.95,4176.3,0
2024-02-05 08:20:00,2629.84,40.72,0.81,3007.3,0
2024-02-05 08:25:00,2633.53,41.3,2.53,2859.1,0
2024-02-05 08:30:00,1390.46,37.09,1.7,3529.3,0
2024-02-05 08:35:00,2622.93,78.25,3.7,3265.3,0
2024-02-05 08:40:00,3473.76,50.28,1.04,3459.4,0
2024-02-05 08:45:00,1213.56,46.67,2.99,2556.5,0
2024-02-05 08:50:00,2922.77,40.58,0.97,2946.1,0
2024-02-05 08:55:00,1959.57,50.59,1.79,2196.6,0
2024-02-05 09:00:00,4938.65,57.15,1.68,3495.0,0
2024-02-05 09:05:00,4524.29,66.23,3.96,2320.8,0
2024-02-05 09:10:00,1617.02,61.65,1.62,1379.7,0
2024-02-05 09:15:00,3975.41,38.84,1.57,4199.1,0
2024-02-05 09:20:00,4389.37,67.93,4.21,1647.1,0
2024-02-05 09:25:00,2821.45,84.83,4.94,2398.5,1
2024-02-05 09:30:00,1699.95,87.44,2.71,609.8,1
2024-02-05 09:35:00,859.01,57.32,4.87,3873.0,0
2024-02-05 09:40:00,2565.41,64.59,1.04,1121.8,0
2024-02-05 09:45:00,2784.07,35.11,0.72,3070.7,0
2024-02-05 09:50:00,3267.82,47.0,3.97,721.3,0
2024-02-05 09:55:00,3531.83,71.73,3.8,2761.1,0
2024-02-05 10:00:00,1725.6,53.37,4.57,3408.2,1
2024-02-05 10:05:00,4097.03,74.54,4.7,1734.9,0
2024-02-05 10:10:00,1502.48,30.12,0.99,1545.3,0
2024-02-05 10:15:00,4639.97,57.65,2.95,1292.8,0
2024-02-05 10:20:00,1073.77,50.03,0.93,1918.1,0
2024-02-05 10:25:00,2127.11,38.51,4.38,1452.6,0
2024-02-05 10:30:00,1009.15,44.77,3.11,1490.4,0
2024-02-05 10:35:00,4781.88,50.81,4.4,969.1,0
2024-02-05 10:40:00,3717.81,61.56,3.35,4937.0,0
2024-02-05 10:45:00,4833.66,57.18,4.21,3169.8,0
2024-02-05 10:50:00,3633.21,72.48,2.92,3871.5,0
2024-02-05 10:55:00,4726.63,56.12,4.11,334.0,0
2024-02-05 11:00:00,3159.13,86.44,4.64,2327.5,0
2024-02-05 11:05:00,2659.67,80.83,3.89,473.3,0
2024-02-05 11:10:00,3059.0,52.35,2.73,135.2,0
2024-02-05 11:15:00,4957.34,45.83,2.25,857.2,0
2024-02-05 11:20:00,4068.66,81.05,0.61,3729.1,0
2024-02-05 11:25:00,1094.67,67.4,2.28,4870.3,0
2024-02-05 11:30:00,2981.69,40.23,2.13,3578.3,0
2024-02-05 11:35:00,1459.78,84.05,0.94,3910.9,0
2024-02-05 11:40:00,1677.54,70.69,1.67,524.3,0
2024-02-05 11:45:00,4649.51,63.34,3.74,2184.0,0
2024-02-05 11:50:00,1212.96,88.63,0.21,2283.7,0
2024-02-05 11:55:00,1645.74,87.13,1.19,4407.7,0
2024-02-05 12:00:00,2180.85,56.65,3.91,4942.9,0
2024-02-05 12:05:00,2676.86,62.75,3.17,4817.2,0
2024-02-05 12:10:00,2198.38,65.57,2.52,4443.6,0
2024-02-05 12:15:00,4172.31,45.43,3.07,2269.4,0
2024-02-05 12:20:00,3697.27,71.39,4.17,4168.4,0
2024-02-05 12:25:00,2863.44,39.8,4.1,4447.1,0
2024-02-05 12:30:00,1649.19,63.9,3.9,3880.7,0
2024-02-05 12:35:00,4407.42,48.82,2.12,725.4,0
2024-02-05 12:40:00,3150.98,52.85,4.53,1843.6,1
2024-02-05 12:45:00,3500.71,31.66,2.89,1954.9,0
2024-02-05 12:50:00,2215.36,43.04,1.57,476.1,0
2024-02-05 12:55:00,2443.88,41.03,2.71,4304.1,0
2024-02-05 13:00:00,4812.61,33.17,3.73,833.4,0
2024-02-05 13:05:00,3348.07,32.33,3.06,1781.6,0
2024-02-05 13:10:00,2444.43,84.74,2.96,4913.2,0
2024-02-05 13:15:00,783.2,45.97,4.21,828.7,0
2024-02-05 13:20:00,2023.61,45.36,0.49,2726.5,0
2024-02-05 13:25:00,2102.3,60.79,1.06,747.3,0
2024-02-05 13:30:00,1459.05,83.41,4.58,1708.7,0
2024-02-05 13:35:00,1004.12,74.78,0.47,4688.9,0
2024-02-05 13:40:00,4760.54,83.95,2.06,617.8,0
2024-02-05 13:45:00,4509.5,39.12,2.3,3520.0,0
2024-02-05 13:50:00,1183.8,77.77,2.68,3303.0,0
2024-02-05 13:55:00,3747.2,34.33,1.98,3137.9,0
2024-02-05 14:00:00,1718.89,49.72,1.03,2785.8,0
2024-02-05 14:05:00,1844.36,57.01,2.91,3649.8,0
2024-02-05 14:10:00,1802.51,43.05,3.7,1325.2,0
2024-02-05 14:15:00,3342.68,82.64,3.52,4293.6,0
2024-02-05 14:20:00,546.52,81.27,4.91,4512.2,0
2024-02-05 14:25:00,555.02,81.24,4.04,1298.2,0
2024-02-05 14:30:00,3434.32,48.89,3.58,3209.0,0
2024-02-05 14:35:00,2783.14,74.98,0.54,144.6,0
2024-02-05 14:40:00,2321.84,34.58,0.82,1358.3,0
2024-02-05 14:45:00,3018.6,77.45,3.8,3380.4,0
2024-02-05 14:50:00,3041.3,83.25,3.19,1847.5,0
2024-02-05 14:55:00,3746.08,69.01,0.36,2460.0,0
2024-02-05 15:00:00,4488.25,88.24,3.81,4588.9,0
2024-02-05 15:05:00,4055.12,84.09,2.54,2428.4,0
2024-02-05 15:10:00,1553.59,79.56,3.92,3776.1,0
2024-02-05 15:15:00,3146.58,48.05,2.42,3663.8,0
2024-02-05 15:20:00,2157.6,74.91,1.19,1498.2,0
2024-02-05 15:25:00,745.0,81.55,0.68,1938.1,0
2024-02-05 15:30:00,2828.02,38.84,0.79,1995.5,0
2024-02-05 15:35:00,2822.37,64.2,3.07,943.6,0
2024-02-05 15:40:00,4766.2,31.89,1.79,1437.0,0
2024-02-05 15:45:00,3450.66,39.84,4.63,256.1,0
2024-02-05 15:50:00,3037.74,56.25,3.71,2199.3,0
2024-02-05 15:55:00,927.41,66.11,0.24,2646.9,0
2024-02-05 16:00:00,2108.21,35.86,0.51,2608.2,0
2024-02-05 16:05:00,4651.92,58.69,1.19,4726.2,0
2024-02-05 16:10:00,3444.08,82.53,4.64,2477.1,1
2024-02-05 16:15:00,1936.34,46.44,4.64,3571.5,0
2024-02-05 16:20:00,1691.39,58.99,3.75,2342.2,0
2024-02-05 16:25:00,549.79,50.75,3.4,3464.4,0
2024-02-05 16:30:00,924.97,31.63,4.67,4796.2,1
2024-02-05 16:35:00,1095.57,85.22,0.83,372.8,0
2024-02-05 16:40:00,685.35,44.65,3.03,384.2,0
2024-02-05 16:45:00,1874.37,57.07,2.42,1469.7,0
2024-02-05 16:50:00,4026.77,51.09,4.78,682.6,1
2024-02-05 16:55:00,718.98,82.02,4.36,622.1,0
2024-02-05 17:00:00,2330.27,30.85,0.22,4547.5,0
2024-02-05 17:05:00,1414.91,84.42,1.41,1632.3,0
2024-02-05 17:10:00,4956.95,62.75,1.03,251.3,0
2024-02-05 17:15:00,4076.05,88.82,2.7,2944.3,0
2024-02-05 17:20:00,1671.14,57.28,1.57,4566.3,0
2024-02-05 17:25:00,4289.46,60.69,3.51,4217.8,0
2024-02-05 17:30:00,3385.8,50.45,4.68,3696.8,0
2024-02-05 17:35:00,4963.42,88.38,2.0,2327.5,1
2024-02-05 17:40:00,4064.16,62.11,0.74,4088.5,0
2024-02-05 17:45:00,2820.34,67.44,0.35,2080.9,0
2024-02-05 17:50:00,1431.09,40.31,4.4,3563.7,0
2024-02-05 17:55:00,1684.74,45.32,0.45,479.9,0
2024-02-05 18:00:00,3426.69,61.15,4.87,3633.4,1
2024-02-05 18:05:00,4655.1,30.56,4.07,394.6,0
2024-02-05 18:10:00,1629.75,83.05,2.08,1176.5,0
2024-02-05 18:15:00,2929.56,39.44,2.04,1927.0,0
2024-02-05 18:20:00,4419.72,61.78,2.78,4487.1,0
2024-02-05 18:25:00,1305.8,56.08,4.68,3150.1,0
2024-02-05 18:30:00,4911.25,34.8,0.7,1100.3,0
2024-02-05 18:35:00,4967.94,82.03,4.47,2427.7,0
2024-02-05 18:40:00,4349.17,57.95,2.46,4753.7,0
2024-02-05 18:45:00,2963.35,35.04,2.3,2461.5,0
2024-02-05 18:50:00,3525.49,40.51,3.06,4043.3,0
2024-02-05 18:55:00,2535.75,73.23,1.02,4911.5,0
2024-02-05 19:00:00,2682.12,70.84,1.56,3585.4,0
2024-02-05 19:05:00,1476.0,70.47,0.5,3239.8,0
2024-02-05 19:10:00,2122.11,39.07,2.16,3766.0,0
2024-02-05 19:15:00,3942.92,67.65,2.25,4416.4,0
2024-02-05 19:20:00,1988.78,56.44,2.51,3754.6,0
2024-02-05 19:25:00,4492.42,74.86,2.57,1808.5,0
2024-02-05 19:30:00,746.71,80.75,2.56,2473.0,0
2024-02-05 19:35:00,1389.61,51.8,2.01,1754.0,0
2024-02-05 19:40:00,3220.96,41.25,3.76,4988.6,0
2024-02-05 19:45:00,2856.02,44.83,1.57,3724.5,0
2024-02-05 19:50:00,3922.5,74.33,1.85,2372.1,0
2024-02-05 19:55:00,706.47,31.69,3.05,1046.2,0
2024-02-05 20:00:00,516.2,71.91,1.94,1058.0,0
2024-02-05 20:05:00,4683.25,34.98,1.64,3488.8,0
2024-02-05 20:10:00,3445.59,51.41,2.34,3212.9,0
2024-02-05 20:15:00,2047.83,33.98,1.74,2100.9,0
2024-02-05 20:20:00,2150.96,82.4,4.13,1682.7,0
2024-02-05 20:25:00,2476.02,58.29,0.52,2410.5,0
2024-02-05 20:30:00,4062.04,71.3,2.41,1598.4,0
2024-02-05 20:35:00,718.02,35.89,1.5,1400.9,0
2024-02-05 20:40:00,575.24,64.6,1.24,350.7,0
2024-02-05 20:45:00,902.63,64.38,1.9,386.6,0
2024-02-05 20:50:00,3970.64,35.94,1.16,4207.9,0
2024-02-05 20:55:00,4249.2,35.41,3.56,890.8,0
2024-02-05 21:00:00,1298.79,73.93,3.7,2260.5,0
2024-02-05 21:05:00,2068.95,33.67,2.11,4490.0,0
2024-02-05 21:10:00,4687.16,87.33,4.3,1769.7,0
2024-02-05 21:15:00,4783.71,72.78,3.58,1058.8,0
2024-02-05 21:20:00,3698.9,45.88,3.78,718.7,0
2024-02-05 21:25:00,635.99,89.4,1.17,1113.7,1
2024-02-05 21:30:00,1752.96,41.64,3.84,4883.1,0
2024-02-05 21:35:00,2470.7,54.19,3.35,2986.4,0
2024-02-05 21:40:00,2890.69,35.44,3.5,745.5,0
2024-02-05 21:45:00,2622.68,84.54,2.13,4469.3,0
2024-02-05 21:50:00,2049.61,69.77,0.75,3076.2,0
2024-02-05 21:55:00,1363.0,79.02,1.78,851.1,0
2024-02-05 22:00:00,3759.82,74.39,1.38,881.5,0
2024-02-05 22:05:00,2372.34,40.53,2.79,4821.2,0
2024-02-05 22:10:00,4925.63,80.92,0.4,3277.0,0
2024-02-05 22:15:00,564.0,71.84,0.37,2032.7,0
2024-02-05 22:20:00,4664.8,85.98,4.8,2422.6,1
2024-02-05 22:25:00,3440.39,64.19,2.13,4067.1,0
2024-02-05 22:30:00,591.85,51.79,3.4,757.3,0
2024-02-05 22:35:00,3849.07,52.92,0.54,1057.6,0
2024-02-05 22:40:00,4761.89,67.3,4.54,825.8,1
2024-02-05 22:45:00,4423.55,75.33,3.13,3573.0,0
2024-02-05 22:50:00,3788.14,63.51,2.47,2106.6,0
2024-02-05 22:55:00,1670.84,59.54,2.02,4509.1,0
2024-02-05 23:00:00,860.76,52.27,1.4,3350.6,0
2024-02-05 23:05:00,3582.57,40.31,4.18,4786.4,0
2024-02-05 23:10:00,1763.7,88.03,2.23,3172.5,0
2024-02-05 23:15:00,2598.34,32.39,3.68,2752.0,0
2024-02-05 23:20:00,2930.39,52.36,1.17,4828.9,0
2024-02-05 23:25:00,4835.22,45.28,3.55,3540.9,0
2024-02-05 23:30:00,2607.61,62.07,4.18,3785.5,0
2024-02-05 23:35:00,3134.82,80.19,3.46,1393.9,0
2024-02-05 23:40:00,2857.32,53.6,3.1,4199.3,0
2024-02-05 23:45:00,2642.46,86.97,1.94,2711.3,1
2024-02-05 23:50:00,2447.11,75.31,3.31,2298.6,0
2024-02-05 23:55:00,2384.5,84.49,0.5,201.5,0
2024-02-06 00:00:00,3314.49,57.59,3.57,3291.9,0
2024-02-06 00:05:00,3635.85,35.87,3.22,3853.5,0
2024-02-06 00:10:00,3489.84,83.62,0.77,1671.3,0
2024-02-06 00:15:00,1757.64,32.94,3.37,3824.7,0
2024-02-06 00:20:00,1920.77,52.97,2.22,3451.7,0
2024-02-06 00:25:00,1828.82,46.3,2.15,3185.1,0
2024-02-06 00:30:00,2638.22,78.89,2.69,1393.6,0
2024-02-06 00:35:00,2355.97,36.89,1.08,3150.7,0
2024-02-06 00:40:00,2322.91,68.11,1.12,477.2,0
2024-02-06 00:45:00,2776.17,56.21,2.86,3862.7,0
2024-02-06 00:50:00,2907.04,45.35,1.83,1374.0,0
2024-02-06 00:55:00,3078.34,83.26,1.42,4448.2,0
2024-02-06 01:00:00,4411.18,56.87,1.73,1715.4,0
2024-02-06 01:05:00,508.56,43.69,3.96,3913.1,0
2024-02-06 01:10:00,3026.52,67.66,2.37,4388.4,0
2024-02-06 01:15:00,4329.71,84.73,3.53,3059.7,0
2024-02-06 01:20:00,4249.73,75.38,1.3,4879.4,0
2024-02-06 01:25:00,3176.98,56.73,4.97,603.6,1
2024-02-06 01:30:00,1124.23,38.26,3.73,3384.5,0
2024-02-06 01:35:00,1151.87,38.29,2.56,4377.0,0
2024-02-06 01:40:00,999.68,30.83,3.66,716.7,0
2024-02-06 01:45:00,3414.44,54.12,4.54,2211.5,0
2024-02-06 01:50:00,2231.01,59.13,3.88,1752.3,0
2024-02-06 01:55:00,2883.78,48.78,4.55,3611.4,0
2024-02-06 02:00:00,1904.32,60.85,3.44,1126.7,0
2024-02-06 02:05:00,1912.0,73.65,4.32,938.7,0
2024-02-06 02:10:00,3563.98,89.1,4.55,2431.1,0
2024-02-06 02:15:00,4544.01,62.8,2.73,820.6,0
2024-02-06 02:20:00,4209.86,59.15,3.07,2491.9,0
2024-02-06 02:25:00,1781.68,81.29,1.33,2496.2,0
2024-02-06 02:30:00,2802.33,56.2,3.51,3784.9,0
2024-02-06 02:35:00,2271.18,52.59,0.84,3763.1,0
2024-02-06 02:40:00,2050.35,30.6,4.88,2172.7,1
2024-02-06 02:45:00,4445.94,32.62,2.23,3430.9,0
2024-02-06 02:50:00,1355.22,62.58,4.86,2247.0,1
2024-02-06 02:55:00,1206.77,48.68,3.01,2451.5,0
2024-02-06 03:00:00,3242.34,42.33,4.08,3023.2,0
2024-02-06 03:05:00,1788.14,47.4,3.88,3930.2,0
2024-02-06 03:10:00,4436.79,58.77,2.41,831.6,0
2024-02-06 03:15:00,1071.5,51.6,3.76,205.1,0
2024-02-06 03:20:00,1753.06,41.69,2.58,1628.0,0
2024-02-06 03:25:00,3662.97,58.12,3.35,3984.7,0
2024-02-06 03:30:00,1119.36,70.44,1.53,1806.6,0
2024-02-06 03:35:00,1509.62,61.98,2.41,4064.2,0
2024-02-06 03:40:00,2820.39,79.29,0.36,229.8,0
2024-02-06 03:45:00,1601.73,73.23,2.88,1528.4,0
2024-02-06 03:50:00,3274.74,33.4,0.21,106.3,0
2024-02-06 03:55:00,2733.63,85.88,0.51,773.2,0
2024-02-06 04:00:00,1498.75,67.64,1.5,724.5,0
2024-02-06 04:05:00,2590.38,36.95,3.02,3417.7,0
2024-02-06 04:10:00,616.85,50.98,0.58,3161.1,0
2024-02-06 04:15:00,1449.0,54.79,4.88,3619.0,1
2024-02-06 04:20:00,2441.24,71.68,1.82,2322.0,0
2024-02-06 04:25:00,2157.11,38.18,3.32,2439.7,0
2024-02-06 04:30:00,513.74,54.4,0.67,1807.0,0
2024-02-06 04:35:00,1360.87,88.31,3.87,2712.7,1
2024-02-06 04:40:00,908.5,78.5,4.86,3439.6,0
2024-02-06 04:45:00,2472.04,58.22,1.93,2518.6,0
2024-02-06 04:50:00,4467.16,82.63,3.11,2752.3,0
2024-02-06 04:55:00,4010.04,74.86,1.95,2101.7,0
2024-02-06 05:00:00,4916.07,56.77,1.65,2471.1,0
2024-02-06 05:05:00,1696.17,60.46,2.29,4920.6,0
2024-02-06 05:10:00,3143.7,75.77,1.82,2034.3,0
2024-02-06 05:15:00,2919.97,72.61,1.69,540.7,0
2024-02-06 05:20:00,2438.22,68.8,0.69,3647.6,0
2024-02-06 05:25:00,3193.92,61.34,1.39,1333.6,0
2024-02-06 05:30:00,2052.17,69.23,1.59,3499.2,0
2024-02-06 05:35:00,4770.05,76.81,1.96,1234.6,0
2024-02-06 05:40:00,1631.13,68.42,4.49,177.8,0
2024-02-06 05:45:00,2371.74,52.3,1.74,2322.7,0
2024-02-06 05:50:00,892.66,32.41,1.15,4124.7,0
2024-02-06 05:55:00,1597.09,33.7,4.98,1822.6,0
2024-02-06 06:00:00,1083.84,68.77,4.06,279.0,0
2024-02-06 06:05:00,3051.56,43.97,4.38,2833.1,0
2024-02-06 06:10:00,1546.73,81.18,0.48,2669.1,0
2024-02-06 06:15:00,2085.73,54.66,1.73,3568.0,0
2024-02-06 06:20:00,2778.92,77.27,0.96,3888.1,0
2024-02-06 06:25:00,2011.09,46.53,0.64,2387.9,0
2024-02-06 06:30:00,4726.76,74.88,4.74,4805.5,0
2024-02-06 06:35:00,1077.75,35.68,3.27,2188.3,0
2024-02-06 06:40:00,4074.11,83.61,4.05,957.1,0
2024-02-06 06:45:00,2117.71,86.49,3.81,1423.4,0
2024-02-06 06:50:00,3288.8,38.41,3.66,3227.3,0
2024-02-06 06:55:00,3079.26,36.0,4.7,4348.4,1
2024-02-06 07:00:00,2484.96,63.21,4.02,3308.6,0
2024-02-06 07:05:00,4152.57,88.42,4.49,1655.1,0
2024-02-06 07:10:00,4745.95,73.11,3.18,1411.7,0
2024-02-06 07:15:00,3996.08,67.54,1.86,1316.8,0
2024-02-06 07:20:00,3417.57,58.57,0.95,214.6,0
2024-02-06 07:25:00,1303.28,49.26,4.81,3287.3,1
2024-02-06 07:30:00,3525.24,89.2,0.86,425.2,0
2024-02-06 07:35:00,1596.27,50.81,0.36,1454.1,0
2024-02-06 07:40:00,1618.04,33.73,2.62,3326.2,0
2024-02-06 07:45:00,4313.97,68.87,2.08,3050.8,0
2024-02-06 07:50:00,4673.65,33.42,1.64,2987.8,0
2024-02-06 07:55:00,4263.89,49.58,3.82,1649.4,0
2024-02-06 08:00:00,1969.55,63.84,3.29,2836.8,0
2024-02-06 08:05:00,4160.9,71.88,3.47,2563.2,0
2024-02-06 08:10:00,2181.02,34.67,3.08,1130.8,0
2024-02-06 08:15:00,1776.15,43.46,4.54,4758.1,0
2024-02-06 08:20:00,1354.27,47.9,2.59,222.4,0
2024-02-06 08:25:00,1658.77,54.61,3.91,1765.3,0
2024-02-06 08:30:00,2108.98,87.79,3.24,4780.4,0
2024-02-06 08:35:00,3864.81,83.4,2.16,592.0,0
2024-02-06 08:40:00,4650.16,35.37,3.39,3252.0,0
2024-02-06 08:45:00,1641.67,73.12,4.09,4111.3,0
2024-02-06 08:50:00,1454.44,85.28,4.56,728.1,1
2024-02-06 08:55:00,1297.67,36.49,0.71,4538.5,0
2024-02-06 09:00:00,4090.35,35.62,3.83,2342.5,0
2024-02-06 09:05:00,510.15,60.12,4.13,1128.4,0
2024-02-06 09:10:00,3715.1,76.69,3.46,3148.9,0
2024-02-06 09:15:00,3975.77,62.86,2.78,1288.0,0
2024-02-06 09:20:00,2441.76,75.76,2.82,4399.9,0
2024-02-06 09:25:00,3530.12,85.09,2.25,825.3,0
2024-02-06 09:30:00,4297.72,34.81,2.41,1736.2,0
2024-02-06 09:35:00,4750.82,62.27,2.03,2334.9,0
2024-02-06 09:40:00,3645.69,49.76,2.65,2805.4,0
2024-02-06 09:45:00,2126.78,81.23,2.41,1200.2,0
2024-02-06 09:50:00,3055.89,69.38,2.09,2658.0,0
2024-02-06 09:55:00,4119.71,88.93,4.66,1941.9,0
2024-02-06 10:00:00,2381.44,69.75,3.91,1813.2,0
2024-02-06 10:05:00,1692.7,55.25,4.56,3913.8,1
2024-02-06 10:10:00,1963.57,41.95,1.74,3575.7,0
2024-02-06 10:15:00,1668.41,44.37,3.44,4073.6,0
2024-02-06 10:20:00,2845.82,32.23,3.9,1532.8,0
2024-02-06 10:25:00,828.83,87.98,2.1,4036.6,0
2024-02-06 10:30:00,1889.43,50.84,1.14,1959.7,0
2024-02-06 10:35:00,1148.5,41.91,2.4,533.9,0
2024-02-06 10:40:00,4762.2,70.92,2.9,1784.3,0
2024-02-06 10:45:00,2550.74,80.36,2.0,2539.4,0
2024-02-06 10:50:00,4709.7,64.32,4.25,3276.7,0
2024-02-06 10:55:00,1835.92,72.93,2.95,4115.6,0
2024-02-06 11:00:00,1915.31,33.72,4.78,4304.4,0
2024-02-06 11:05:00,640.64,35.84,3.25,3256.4,0
2024-02-06 11:10:00,1628.98,31.83,2.52,4312.6,0
2024-02-06 11:15:00,674.73,57.81,2.14,1576.7,0
2024-02-06 11:20:00,912.19,74.67,2.59,4796.4,0
2024-02-06 11:25:00,3879.15,66.71,3.44,424.4,0
2024-02-06 11:30:00,3994.15,57.86,2.26,4167.0,0
2024-02-06 11:35:00,4170.33,45.28,2.14,4162.6,0
2024-02-06 11:40:00,2001.68,86.66,4.07,4275.8,0
2024-02-06 11:45:00,4678.41,54.95,3.41,2373.4,0
2024-02-06 11:50:00,3856.73,62.79,4.63,4082.9,1
2024-02-06 11:55:00,3729.14,80.87,4.04,3164.8,0
2024-02-06 12:00:00,2959.81,37.81,0.69,2765.3,0
2024-02-06 12:05:00,3774.54,35.29,3.21,1212.9,0
2024-02-06 12:10:00,1701.4,55.11,4.33,1413.6,0
2024-02-06 12:15:00,2342.16,73.09,3.28,674.5,0
2024-02-06 12:20:00,2042.51,84.94,4.78,3302.9,0
2024-02-06 12:25:00,1524.26,55.3,2.73,553.7,0
2024-02-06 12:30:00,4709.18,64.64,4.93,1595.2,0
2024-02-06 12:35:00,2484.15,45.84,1.69,3385.0,0
2024-02-06 12:40:00,3042.46,48.68,1.82,1144.0,0
2024-02-06 12:45:00,4906.91,32.9,1.26,2895.4,0
2024-02-06 12:50:00,2018.25,65.04,0.81,827.4,0
2024-02-06 12:55:00,3774.86,80.15,4.08,742.5,0
2024-02-06 13:00:00,2038.67,36.01,1.02,3040.9,0
2024-02-06 13:05:00,2285.6,59.12,4.0,3319.7,0
2024-02-06 13:10:00,2390.15,31.57,0.3,458.6,0
2024-02-06 13:15:00,3733.63,69.28,4.15,3021.5,0
2024-02-06 13:20:00,754.02,54.95,2.64,2916.7,0
2024-02-06 13:25:00,2803.37,58.79,4.07,685.9,0
2024-02-06 13:30:00,2682.75,58.96,3.03,3084.0,0
2024-02-06 13:35:00,3429.57,59.06,1.48,719.7,0
2024-02-06 13:40:00,3962.42,62.32,1.26,4480.2,0
2024-02-06 13:45:00,3280.34,46.24,3.64,3497.3,0
2024-02-06 13:50:00,1604.92,48.09,0.87,2895.5,0
2024-02-06 13:55:00,3852.94,77.32,3.13,3571.8,0
2024-02-06 14:00:00,882.02,71.06,3.98,1499.5,0
2024-02-06 14:05:00,4713.93,64.24,4.39,834.6,0
2024-02-06 14:10:00,3749.62,31.29,4.31,339.3,0
2024-02-06 14:15:00,2343.64,83.33,2.22,170.1,0
2024-02-06 14:20:00,3163.6,69.63,1.7,2679.3,0
2024-02-06 14:25:00,1719.59,66.34,2.74,1495.4,0
2024-02-06 14:30:00,2660.91,42.63,4.12,430.4,0
2024-02-06 14:35:00,4517.61,45.65,2.0,2934.8,0
2024-02-06 14:40:00,4382.16,37.76,1.91,3588.9,0
2024-02-06 14:45:00,2692.02,33.73,2.71,4382.4,0
2024-02-06 14:50:00,3142.85,44.23,2.92,2542.0,0
2024-02-06 14:55:00,2066.5,63.74,0.6,4946.6,0
2024-02-06 15:00:00,2700.21,66.75,0.98,381.6,0
2024-02-06 15:05:00,2767.57,41.68,1.54,3821.9,0
2024-02-06 15:10:00,3227.87,76.59,4.19,3468.1,0
2024-02-06 15:15:00,3499.67,56.49,4.52,2097.7,1
2024-02-06 15:20:00,4335.24,72.76,2.94,2319.2,0
2024-02-06 15:25:00,4792.72,45.46,0.99,445.8,0
2024-02-06 15:30:00,1940.21,62.36,1.18,1701.1,0
2024-02-06 15:35:00,3647.49,83.02,2.86,3325.0,0
2024-02-06 15:40:00,1663.23,82.09,0.72,1387.5,0
2024-02-06 15:45:00,769.46,49.24,1.39,4344.5,0
2024-02-06 15:50:00,2690.56,41.76,1.11,3401.6,0
2024-02-06 15:55:00,4426.07,68.12,0.81,783.3,0
2024-02-06 16:00:00,4922.03,53.85,1.3,3784.5,0
2024-02-06 16:05:00,1289.88,60.76,4.53,4092.1,0
2024-02-06 16:10:00,4305.66,56.66,4.64,576.2,1
2024-02-06 16:15:00,2634.74,39.77,0.79,298.4,0
2024-02-06 16:20:00,4730.19,65.39,3.66,3559.6,0
2024-02-06 16:25:00,677.62,65.89,1.05,2109.6,0
2024-02-06 16:30:00,4949.62,59.5,1.99,4444.2,0
2024-02-06 16:35:00,576.14,32.72,1.68,2533.6,0
2024-02-06 16:40:00,3844.62,74.49,3.46,653.6,0
2024-02-06 16:45:00,611.97,87.82,0.52,1140.4,1
2024-02-06 16:50:00,2175.83,52.68,4.03,411.1,0
2024-02-06 16:55:00,4647.97,49.3,4.7,4284.4,0
2024-02-06 17:00:00,2707.5,42.31,4.94,3229.0,0
2024-02-06 17:05:00,2969.94,37.42,0.45,3340.1,0
2024-02-06 17:10:00,2115.55,63.4,1.15,3989.1,0
2024-02-06 17:15:00,3931.12,70.73,2.53,2445.4,0
2024-02-06 17:20:00,4419.49,75.15,4.83,2522.6,1
2024-02-06 17:25:00,2902.59,32.96,0.85,2383.8,0
2024-02-06 17:30:00,2942.22,87.32,4.5,2832.1,0
2024-02-06 17:35:00,4153.0,40.87,2.33,3985.0,0
2024-02-06 17:40:00,4283.93,37.63,4.1,1088.4,0
2024-02-06 17:45:00,2881.13,41.58,0.94,3575.1,0
2024-02-06 17:50:00,2618.74,87.67,2.27,4253.8,0
2024-02-06 17:55:00,4198.32,57.48,1.84,1246.0,0
2024-02-06 18:00:00,3350.02,51.71,1.5,856.1,0
2024-02-06 18:05:00,4595.67,40.93,1.8,2508.7,0
2024-02-06 18:10:00,856.6,59.33,2.85,894.3,0
2024-02-06 18:15:00,3598.29,86.74,0.74,3854.2,0
2024-02-06 18:20:00,1838.21,37.81,3.24,1672.3,0
2024-02-06 18:25:00,1853.62,51.59,1.45,2770.2,0
2024-02-06 18:30:00,3737.22,39.87,4.85,1283.4,1
2024-02-06 18:35:00,1833.97,61.31,3.14,2118.3,0
2024-02-06 18:40:00,4758.4,69.94,1.68,4971.4,0
2024-02-06 18:45:00,3048.85,49.66,3.76,4342.6,0
2024-02-06 18:50:00,1893.87,89.68,4.27,1786.0,1
2024-02-06 18:55:00,658.81,66.32,2.28,4634.5,0
2024-02-06 19:00:00,1236.28,73.67,4.16,974.3,0
2024-02-06 19:05:00,1174.28,30.79,3.66,4510.8,0
2024-02-06 19:10:00,3509.41,79.85,3.18,3228.9,0
2024-02-06 19:15:00,513.57,76.17,1.94,612.3,0
2024-02-06 19:20:00,4568.27,32.83,3.1,4890.8,0
2024-02-06 19:25:00,4045.85,66.1,1.83,4843.0,0
2024-02-06 19:30:00,4820.93,47.38,0.6,4503.1,0
2024-02-06 19:35:00,3451.13,82.36,4.7,4498.6,1
2024-02-06 19:40:00,2073.87,69.21,3.96,2819.1,0
2024-02-06 19:45:00,1130.63,81.69,3.94,4548.0,0
2024-02-06 19:50:00,708.5,34.98,3.17,4175.6,0
2024-02-06 19:55:00,4273.51,32.1,1.69,4331.2,0
2024-02-06 20:00:00,4287.58,30.25,1.1,3583.3,0
2024-02-06 20:05:00,1008.26,58.7,4.67,253.6,1
2024-02-06 20:10:00,2143.28,77.51,3.06,1251.9,0
2024-02-06 20:15:00,1642.7,46.38,2.03,3981.8,0
2024-02-06 20:20:00,2241.02,32.24,4.84,289.8,1
2024-02-06 20:25:00,3299.41,45.9,4.86,689.0,1
2024-02-06 20:30:00,1390.65,55.35,1.41,899.2,0
2024-02-06 20:35:00,4332.65,68.42,3.29,1606.7,0
2024-02-06 20:40:00,3034.37,38.83,2.92,4664.2,0
2024-02-06 20:45:00,1013.42,85.35,1.27,718.2,0
2024-02-06 20:50:00,1631.63,54.3,2.12,2223.4,0
2024-02-06 20:55:00,3361.52,60.43,1.7,3081.3,0
2024-02-06 21:00:00,2040.81,70.95,0.64,4622.4,0
2024-02-06 21:05:00,525.76,51.91,4.52,3970.8,1
2024-02-06 21:10:00,3078.13,61.65,3.02,959.3,0
2024-02-06 21:15:00,1534.13,47.97,2.6,2793.2,0
2024-02-06 21:20:00,2661.83,84.32,1.4,341.5,0
2024-02-06 21:25:00,2031.8,83.0,0.29,4220.8,0
2024-02-06 21:30:00,1145.31,83.72,4.28,2717.4,0
2024-02-06 21:35:00,2255.31,52.58,0.4,2129.0,0
2024-02-06 21:40:00,1049.07,35.22,2.75,2750.9,0
2024-02-06 21:45:00,501.91,45.93,3.07,4153.9,0
2024-02-06 21:50:00,1245.84,51.43,0.51,2667.5,0
2024-02-06 21:55:00,3220.67,60.34,1.7,2853.2,0
2024-02-06 22:00:00,3955.84,67.35,2.83,2713.8,0
2024-02-06 22:05:00,4363.62,64.75,3.47,407.0,0
2024-02-06 22:10:00,3977.09,73.85,4.79,160.0,1
2024-02-06 22:15:00,2136.38,79.36,3.41,2913.9,0
2024-02-06 22:20:00,534.78,39.58,1.96,710.9,0
2024-02-06 22:25:00,4409.53,32.66,1.55,3247.3,0
2024-02-06 22:30:00,2019.1,82.64,0.42,2152.8,0
2024-02-06 22:35:00,1267.67,33.74,1.08,4245.0,0
2024-02-06 22:40:00,532.22,33.34,2.59,221.4,0
2024-02-06 22:45:00,1445.24,45.5,4.77,1061.3,0
2024-02-06 22:50:00,1562.5,57.83,3.76,916.0,0
2024-02-06 22:55:00,4914.73,59.06,1.7,1183.6,0
2024-02-06 23:00:00,4637.9,85.62,3.21,387.3,1
2024-02-06 23:05:00,978.54,44.76,3.46,259.1,0
2024-02-06 23:10:00,4593.45,31.57,2.36,4167.0,0
2024-02-06 23:15:00,1281.21,78.15,0.22,1674.0,0
2024-02-06 23:20:00,3383.44,66.43,0.92,691.6,0
2024-02-06 23:25:00,3869.27,66.97,3.26,2969.5,0
2024-02-06 23:30:00,871.92,57.83,1.74,2418.4,0
2024-02-06 23:35:00,2163.7,36.37,4.34,3078.8,0
2024-02-06 23:40:00,986.41,87.21,4.65,903.9,0
2024-02-06 23:45:00,3878.1,42.87,2.63,4023.0,0
2024-02-06 23:50:00,3118.04,51.28,0.8,2226.1,0
2024-02-06 23:55:00,4479.51,41.0,1.3,2665.3,0
2024-02-07 00:00:00,2316.97,72.65,2.77,1358.1,0
2024-02-07 00:05:00,2590.45,50.1,2.29,3375.2,0
2024-02-07 00:10:00,3024.13,47.32,3.71,3927.2,0
2024-02-07 00:15:00,2922.75,37.67,1.62,3721.1,0
2024-02-07 00:20:00,2649.57,66.84,4.22,4916.1,0
2024-02-07 00:25:00,929.83,57.1,0.77,2148.0,0
2024-02-07 00:30:00,4694.6,75.79,2.36,3980.5,0
2024-02-07 00:35:00,4904.25,42.65,3.57,2411.8,0
2024-02-07 00:40:00,4048.47,45.27,2.19,899.1,0
2024-02-07 00:45:00,3330.93,85.92,3.18,1681.1,0
2024-02-07 00:50:00,2517.93,84.46,1.94,561.9,0
2024-02-07 00:55:00,3110.0,70.51,3.19,1662.5,0
2024-02-07 01:00:00,3800.02,64.04,1.36,3470.8,0
2024-02-07 01:05:00,4092.7,34.2,4.98,1692.6,1
2024-02-07 01:10:00,4951.3,81.79,0.82,3777.7,0
2024-02-07 01:15:00,3638.39,57.6,1.82,1649.3,0
2024-02-07 01:20:00,2292.14,38.61,4.18,1731.7,0
2024-02-07 01:25:00,3853.37,78.42,2.27,2738.1,0
2024-02-07 01:30:00,3564.17,77.85,2.43,4509.5,0
2024-02-07 01:35:00,2203.6,39.24,1.02,3417.6,0
2024-02-07 01:40:00,4749.33,50.61,3.1,1531.8,0
2024-02-07 01:45:00,2724.3,30.73,2.89,4846.3,0
2024-02-07 01:50:00,802.52,52.24,4.89,3309.5,1
2024-02-07 01:55:00,1429.25,59.71,3.6,744.3,0
2024-02-07 02:00:00,4414.52,71.9,3.83,4895.3,0
2024-02-07 02:05:00,4940.74,58.8,0.77,2295.1,0
2024-02-07 02:10:00,1886.97,53.8,2.26,3670.3,0
2024-02-07 02:15:00,523.18,49.15,0.78,1474.0,0
2024-02-07 02:20:00,1187.71,31.64,1.23,1477.1,0
2024-02-07 02:25:00,4379.07,74.94,0.3,1606.4,0
2024-02-07 02:30:00,3687.19,82.0,2.67,871.7,0
2024-02-07 02:35:00,2218.32,32.67,1.04,1653.0,0
2024-02-07 02:40:00,4989.89,31.0,0.98,2898.7,0
2024-02-07 02:45:00,2117.88,71.24,4.37,2599.7,0
2024-02-07 02:50:00,3119.23,87.55,4.34,4621.5,0
2024-02-07 02:55:00,2276.4,80.92,4.53,4739.1,0
2024-02-07 03:00:00,2720.66,79.18,1.94,1836.2,0
2024-02-07 03:05:00,1755.65,78.49,4.07,156.0,0
2024-02-07 03:10:00,2830.12,89.74,1.95,3720.1,0
2024-02-07 03:15:00,1855.15,80.14,4.79,350.4,1
2024-02-07 03:20:00,1928.13,64.49,3.85,288.6,0
2024-02-07 03:25:00,764.31,71.92,3.72,4178.3,0
2024-02-07 03:30:00,1653.17,40.69,3.4,450.2,0
2024-02-07 03:35:00,4433.05,53.14,3.15,1931.0,0
2024-02-07 03:40:00,4409.64,65.45,4.9,689.1,1
2024-02-07 03:45:00,2738.04,87.37,1.86,4706.8,1
2024-02-07 03:50:00,3844.71,57.65,1.8,322.0,0
2024-02-07 03:55:00,3212.23,49.18,0.52,1690.4,0
2024-02-07 04:00:00,2898.82,64.55,2.05,4189.0,0
2024-02-07 04:05:00,2947.68,40.83,4.92,1867.0,0
2024-02-07 04:10:00,2673.95,60.3,0.31,957.3,0
2024-02-07 04:15:00,694.55,81.53,1.37,4314.4,0
2024-02-07 04:20:00,4399.01,36.43,3.92,1605.5,0
2024-02-07 04:25:00,3745.24,55.16,3.56,2663.9,0
2024-02-07 04:30:00,2938.08,79.88,3.79,4243.4,0
2024-02-07 04:35:00,2249.26,46.52,2.49,4892.1,0
2024-02-07 04:40:00,3724.0,78.21,3.36,1750.1,0
2024-02-07 04:45:00,2736.82,83.26,4.46,1387.1,0
2024-02-07 04:50:00,3802.01,33.17,3.83,2928.9,0
2024-02-07 04:55:00,1064.17,67.51,1.08,2637.0,0
2024-02-07 05:00:00,3923.55,87.84,0.26,2932.3,0
2024-02-07 05:05:00,2239.9,82.96,1.1,4824.4,0
2024-02-07 05:10:00,3468.81,40.66,3.13,2701.4,0
2024-02-07 05:15:00,1794.42,76.25,2.55,2122.6,0
2024-02-07 05:20:00,2250.24,88.15,3.59,3847.5,1
2024-02-07 05:25:00,783.48,84.8,3.62,638.2,0
2024-02-07 05:30:00,3825.66,67.84,2.07,4668.1,0
2024-02-07 05:35:00,1558.32,65.59,4.8,383.7,0
2024-02-07 05:40:00,3551.58,65.45,3.09,2745.1,0
2024-02-07 05:45:00,1191.22,46.28,3.43,4582.6,0
2024-02-07 05:50:00,4251.9,85.4,4.93,461.5,1
2024-02-07 05:55:00,4707.8,45.21,1.96,2226.9,0
2024-02-07 06:00:00,4008.11,83.79,2.49,4688.5,0
2024-02-07 06:05:00,1722.66,74.7,1.63,2468.0,0
2024-02-07 06:10:00,1081.13,45.43,3.52,1763.7,0
2024-02-07 06:15:00,3917.86,61.55,2.48,275.6,0
2024-02-07 06:20:00,3187.7,61.12,2.58,3354.7,0
2024-02-07 06:25:00,2987.64,52.93,2.59,3450.4,0
2024-02-07 06:30:00,4632.17,38.95,2.73,2161.9,0
2024-02-07 06:35:00,4582.78,86.33,2.41,551.5,1
2024-02-07 06:40:00,1296.57,60.17,2.12,4531.7,0
2024-02-07 06:45:00,1692.66,32.62,2.23,774.5,0
2024-02-07 06:50:00,2184.59,36.28,0.62,3588.5,0
2024-02-07 06:55:00,1658.15,47.57,0.53,3909.8,0
2024-02-07 07:00:00,863.46,54.16,4.25,1506.7,0
2024-02-07 07:05:00,3236.95,62.28,2.53,255.4,0
2024-02-07 07:10:00,3698.55,61.61,4.51,4732.7,1
2024-02-07 07:15:00,1014.68,49.01,4.76,4762.6,0
2024-02-07 07:20:00,2771.76,52.5,1.25,3963.6,0
2024-02-07 07:25:00,4852.84,65.93,3.81,3051.7,0
2024-02-07 07:30:00,3165.07,62.55,1.29,856.5,0
2024-02-07 07:35:00,4935.4,31.86,2.2,4169.4,0
2024-02-07 07:40:00,3453.24,74.21,4.59,3806.4,0
2024-02-07 07:45:00,4287.06,84.86,1.34,2476.6,0
2024-02-07 07:50:00,2123.5,84.53,3.4,669.0,0
2024-02-07 07:55:00,4170.5,71.02,1.4,4602.7,0
2024-02-07 08:00:00,1044.22,70.3,3.78,3032.4,0
2024-02-07 08:05:00,3730.07,63.16,1.9,1543.1,0
2024-02-07 08:10:00,3532.08,68.73,4.54,725.4,1
2024-02-07 08:15:00,4680.57,86.6,1.05,4756.7,0
2024-02-07 08:20:00,1780.25,72.3,4.43,1904.5,0
2024-02-07 08:25:00,2774.77,54.73,3.51,1764.0,0
2024-02-07 08:30:00,3135.04,47.67,0.4,2618.9,0
2024-02-07 08:35:00,4303.71,51.75,2.71,3264.5,0
2024-02-07 08:40:00,1806.22,76.7,2.43,1226.4,0
2024-02-07 08:45:00,3847.97,46.19,4.88,3953.6,0
2024-02-07 08:50:00,4423.04,59.48,0.68,3820.1,0
2024-02-07 08:55:00,4232.08,58.23,1.75,743.6,0
2024-02-07 09:00:00,2533.79,86.34,3.52,650.4,1
2024-02-07 09:05:00,2211.36,51.64,2.91,2116.1,0
2024-02-07 09:10:00,2121.18,52.0,1.36,2661.8,0
2024-02-07 09:15:00,1671.92,40.74,4.92,519.3,1
2024-02-07 09:20:00,3862.1,62.99,4.66,4014.7,1
2024-02-07 09:25:00,4165.41,36.56,2.59,4772.5,0
2024-02-07 09:30:00,3810.75,81.73,3.1,3879.9,0
2024-02-07 09:35:00,2820.9,62.02,3.84,2782.8,0
2024-02-07 09:40:00,4779.12,65.45,2.27,2320.1,0
2024-02-07 09:45:00,682.12,39.42,0.73,3782.7,0
2024-02-07 09:50:00,4964.11,48.02,2.91,909.2,0
2024-02-07 09:55:00,2638.27,78.6,2.53,2413.0,0
2024-02-07 10:00:00,983.67,62.96,1.13,2335.7,0
2024-02-07 10:05:00,563.3,51.18,2.8,3412.5,0
2024-02-07 10:10:00,3676.15,41.58,4.99,2615.3,1
2024-02-07 10:15:00,4060.84,52.84,1.53,2106.6,0
2024-02-07 10:20:00,1600.27,43.64,2.53,2864.7,0
2024-02-07 10:25:00,3878.61,37.16,0.42,716.0,0
2024-02-07 10:30:00,2433.75,69.05,1.88,3033.0,0
2024-02-07 10:35:00,3327.73,60.34,4.25,1307.6,0
2024-02-07 10:40:00,2801.22,41.7,0.3,2918.5,0
2024-02-07 10:45:00,4224.16,67.82,3.39,335.7,0
2024-02-07 10:50:00,2653.56,86.91,3.3,462.1,0
2024-02-07 10:55:00,1412.72,75.63,1.27,315.8,0
2024-02-07 11:00:00,1302.69,56.71,3.91,559.8,0
2024-02-07 11:05:00,3332.12,82.22,4.63,2217.2,0
2024-02-07 11:10:00,1061.56,55.38,0.94,3057.3,0
2024-02-07 11:15:00,2006.28,62.01,2.98,1953.4,0
2024-02-07 11:20:00,3114.75,57.66,4.04,1763.5,0
2024-02-07 11:25:00,1424.36,41.5,4.96,1517.2,1
2024-02-07 11:30:00,2408.25,68.0,2.32,3066.0,0
2024-02-07 11:35:00,4336.64,83.53,0.91,950.5,0
2024-02-07 11:40:00,1208.32,74.12,4.26,4085.6,0
2024-02-07 11:45:00,1813.33,74.98,1.23,128.8,0
2024-02-07 11:50:00,1066.71,32.87,2.28,2408.8,0
2024-02-07 11:55:00,3465.51,78.14,1.47,3150.3,0
2024-02-07 12:00:00,2859.53,37.11,2.69,1200.0,0
2024-02-07 12:05:00,4063.03,87.02,4.9,884.8,0
2024-02-07 12:10:00,2979.73,40.64,4.27,2523.4,0
2024-02-07 12:15:00,3331.15,81.8,2.55,3858.9,0
2024-02-07 12:20:00,1581.6,33.44,0.68,4833.8,0
2024-02-07 12:25:00,974.02,39.93,1.26,4560.6,0
2024-02-07 12:30:00,4737.82,55.73,3.73,2022.1,0
2024-02-07 12:35:00,4678.32,49.71,0.43,2062.7,0
2024-02-07 12:40:00,1509.48,31.92,1.53,4604.6,0
2024-02-07 12:45:00,4850.1,57.54,2.86,302.2,0
2024-02-07 12:50:00,2079.26,48.22,1.82,2484.6,0
2024-02-07 12:55:00,1695.83,59.8,2.02,2498.6,0
2024-02-07 13:00:00,951.85,68.49,2.91,1189.7,0
2024-02-07 13:05:00,564.74,40.49,4.07,4587.9,0
2024-02-07 13:10:00,2548.5,52.14,0.97,3657.7,0
2024-02-07 13:15:00,4868.63,83.4,2.93,1172.6,0
2024-02-07 13:20:00,3563.25,87.87,3.47,3532.1,1
2024-02-07 13:25:00,3431.35,48.67,1.27,2878.7,0
2024-02-07 13:30:00,4631.35,88.08,0.61,3401.0,0
2024-02-07 13:35:00,529.11,87.44,1.53,4691.8,0
2024-02-07 13:40:00,3635.01,71.59,1.89,3872.2,0
2024-02-07 13:45:00,1208.48,60.68,1.54,2927.2,0
2024-02-07 13:50:00,931.93,48.71,1.51,3459.1,0
2024-02-07 13:55:00,3185.89,31.14,3.71,2718.9,0
2024-02-07 14:00:00,2698.77,62.88,2.76,4453.5,0
2024-02-07 14:05:00,1622.73,62.77,4.27,4549.3,0
2024-02-07 14:10:00,3946.77,87.03,2.18,2814.5,0
2024-02-07 14:15:00,844.02,76.55,3.4,1559.1,0
2024-02-07 14:20:00,2561.3,38.87,4.14,3526.0,0
2024-02-07 14:25:00,3389.31,87.48,0.95,4339.4,1
2024-02-07 14:30:00,4928.73,64.6,4.18,903.1,0
2024-02-07 14:35:00,1156.33,48.76,4.1,3656.1,0
2024-02-07 14:40:00,1855.36,42.89,4.48,183.1,0
2024-02-07 14:45:00,3894.29,53.18,2.96,4760.8,0
2024-02-07 14:50:00,2841.55,36.78,4.22,4741.2,0
2024-02-07 14:55:00,2013.95,89.23,0.3,3165.8,1
2024-02-07 15:00:00,3495.78,67.19,0.65,2552.2,0
2024-02-07 15:05:00,2275.84,44.1,3.04,3202.0,0
2024-02-07 15:10:00,2286.64,34.59,3.05,1751.4,0
2024-02-07 15:15:00,3432.43,50.66,4.02,4561.7,0
2024-02-07 15:20:00,3885.83,86.15,4.57,856.1,1
2024-02-07 15:25:00,3968.24,70.32,3.83,1842.4,0
2024-02-07 15:30:00,1148.65,49.89,3.9,1740.4,0
2024-02-07 15:35:00,1919.72,50.08,0.56,2417.6,0
2024-02-07 15:40:00,4847.83,58.79,1.79,3057.2,0
2024-02-07 15:45:00,1776.01,66.29,3.46,732.4,0
2024-02-07 15:50:00,1538.34,57.27,1.32,2194.1,0
2024-02-07 15:55:00,1941.69,39.0,4.29,980.5,0
2024-02-07 16:00:00,2579.83,43.04,1.26,2263.1,0
2024-02-07 16:05:00,2584.21,66.86,1.12,1114.2,0
2024-02-07 16:10:00,1025.33,69.35,1.77,2684.1,0
2024-02-07 16:15:00,1309.61,30.65,3.43,3331.9,0
2024-02-07 16:20:00,4126.47,83.35,4.52,812.9,1
2024-02-07 16:25:00,2870.99,86.34,1.83,1469.6,1
2024-02-07 16:30:00,4911.63,38.53,4.89,3406.9,1
2024-02-07 16:35:00,3887.1,61.02,0.92,4389.7,0
2024-02-07 16:40:00,3590.07,35.14,1.89,375.1,0
2024-02-07 16:45:00,689.3,66.55,1.82,2747.6,0
2024-02-07 16:50:00,3317.08,33.77,2.61,4756.1,0
2024-02-07 16:55:00,2316.46,70.41,0.34,2905.4,0
2024-02-07 17:00:00,3737.95,61.27,4.98,1007.1,1
2024-02-07 17:05:00,3557.26,32.04,2.95,1955.8,0
2024-02-07 17:10:00,2357.36,66.26,1.75,2410.9,0
2024-02-07 17:15:00,4063.0,56.37,3.31,2588.5,0
2024-02-07 17:20:00,1827.5,46.14,3.28,3340.2,0
2024-02-07 17:25:00,2546.74,36.2,3.84,4829.7,0
2024-02-07 17:30:00,2321.66,46.45,2.68,4005.9,0
2024-02-07 17:35:00,4847.37,86.2,1.38,1060.5,1
2024-02-07 17:40:00,3842.82,47.88,2.46,3932.3,0
2024-02-07 17:45:00,2381.98,42.2,4.61,1197.2,1
2024-02-07 17:50:00,3504.49,40.32,3.35,3182.2,0
2024-02-07 17:55:00,1770.63,38.12,4.86,905.3,0
2024-02-07 18:00:00,1769.75,74.9,1.76,1227.1,0
2024-02-07 18:05:00,4173.72,71.24,2.05,1689.8,0
2024-02-07 18:10:00,4319.58,64.2,2.38,1548.8,0
2024-02-07 18:15:00,2329.87,72.58,0.53,1802.3,0
2024-02-07 18:20:00,4115.8,30.27,2.6,2202.9,0
2024-02-07 18:25:00,1127.22,83.66,0.24,2347.0,0
2024-02-07 18:30:00,3653.18,70.62,2.82,1091.0,0
2024-02-07 18:35:00,4149.02,86.39,0.99,676.6,1
2024-02-07 18:40:00,1653.26,78.37,3.56,4007.2,0
2024-02-07 18:45:00,1943.05,86.17,1.62,4610.2,0
2024-02-07 18:50:00,4270.09,82.44,4.67,4977.5,1
2024-02-07 18:55:00,3927.45,65.0,4.64,4540.1,0
2024-02-07 19:00:00,2388.6,73.33,1.58,2990.1,0
2024-02-07 19:05:00,1121.58,52.89,2.76,4580.5,0
2024-02-07 19:10:00,1471.9,53.37,1.73,4687.9,0
2024-02-07 19:15:00,4854.16,57.9,4.34,2600.3,0
2024-02-07 19:20:00,3481.29,85.42,1.38,1184.1,0
2024-02-07 19:25:00,1188.59,43.02,4.0,2696.4,0
2024-02-07 19:30:00,581.42,53.36,2.75,995.3,0
2024-02-07 19:35:00,1852.7,46.13,2.71,569.7,0
2024-02-07 19:40:00,1235.19,85.52,0.85,2147.4,1
2024-02-07 19:45:00,3086.59,83.79,4.84,4243.5,0
2024-02-07 19:50:00,3312.69,86.41,3.86,322.9,0
2024-02-07 19:55:00,2187.84,84.09,4.37,1886.5,0
2024-02-07 20:00:00,2100.95,73.69,3.33,1145.1,0
2024-02-07 20:05:00,4479.36,60.84,1.03,1721.2,0
2024-02-07 20:10:00,4257.36,50.48,4.43,2387.4,0
2024-02-07 20:15:00,2418.38,41.48,3.26,582.5,0
2024-02-07 20:20:00,3591.43,87.86,1.53,1139.8,0
2024-02-07 20:25:00,2333.62,76.33,1.13,3354.0,0
2024-02-07 20:30:00,1041.5,33.54,0.65,3147.6,0
2024-02-07 20:35:00,1583.41,32.85,2.85,2451.9,0
2024-02-07 20:40:00,988.73,32.82,0.59,3090.8,0
2024-02-07 20:45:00,4007.68,31.07,2.41,393.1,0
2024-02-07 20:50:00,4748.88,39.43,2.98,434.0,0
2024-02-07 20:55:00,4718.94,36.45,4.81,543.3,0
2024-02-07 21:00:00,1346.56,74.49,0.76,1012.1,0
2024-02-07 21:05:00,3964.42,75.57,4.78,2637.6,0
2024-02-07 21:10:00,2332.81,72.42,3.97,3091.9,0
2024-02-07 21:15:00,4504.33,88.52,3.01,2360.6,1
2024-02-07 21:20:00,3040.32,48.38,0.47,1945.5,0
2024-02-07 21:25:00,1409.43,63.84,3.64,794.9,0
2024-02-07 21:30:00,3269.61,36.87,0.86,3649.7,0
2024-02-07 21:35:00,2060.71,55.95,2.37,3317.4,0
2024-02-07 21:40:00,3735.18,49.54,3.96,2447.4,0
2024-02-07 21:45:00,2666.15,50.92,2.95,4369.3,0
2024-02-07 21:50:00,2365.02,35.59,4.9,1290.6,0
2024-02-07 21:55:00,3843.57,68.52,1.91,748.6,0
2024-02-07 22:00:00,1383.33,60.72,4.21,3158.3,0
2024-02-07 22:05:00,1529.63,80.15,1.49,2862.7,0
2024-02-07 22:10:00,1021.69,72.47,4.45,4839.7,0
2024-02-07 22:15:00,4578.2,82.41,3.26,522.8,0
2024-02-07 22:20:00,2077.17,56.35,0.31,3741.0,0
2024-02-07 22:25:00,741.18,84.46,3.51,450.3,0
2024-02-07 22:30:00,3925.7,55.74,3.89,2909.4,0
2024-02-07 22:35:00,1961.07,47.25,3.74,815.4,0
